Drug	Genotype	Concentration	Resistance
fluconazole	wt	23.43uM	0.0843637055354765
fluconazole	wt	23.43uM	0.126212668822522
fluconazole	wt	23.43uM	0.418266934174071
fluconazole	wt	23.43uM	0.72150568453234
fluconazole	wt	23.43uM	0.546084475467468
fluconazole	yor1∆	23.43uM	0.239234449760766
fluconazole	yor1∆	23.43uM	0.38150571233278
fluconazole	yor1∆	23.43uM	0.736338341680579
fluconazole	yor1∆	23.43uM	0.625041736227045
fluconazole	ycf1∆	23.43uM	0.450051072522983
fluconazole	ycf1∆	23.43uM	0.339632277834525
fluconazole	ycf1∆	23.43uM	0.599104998908535
fluconazole	ycf1∆	23.43uM	0.72724296005239
fluconazole	ycf1∆yor1∆	23.43uM	0.222972292191436
fluconazole	ycf1∆yor1∆	23.43uM	0.183879093198992
fluconazole	ycf1∆yor1∆	23.43uM	0.276094890510949
fluconazole	ycf1∆yor1∆	23.43uM	0.176368613138686
fluconazole	ybt1∆	23.43uM	0.319904722452361
fluconazole	ybt1∆	23.43uM	0.466652858326429
fluconazole	ybt1∆	23.43uM	0.571490374215877
fluconazole	ybt1∆	23.43uM	0.574843175427212
fluconazole	ybt1∆	23.43uM	0.402970811608296
fluconazole	ybt1∆	23.43uM	0.0223313829698057
fluconazole	ybt1∆	23.43uM	0.0364142370949084
fluconazole	ybt1∆yor1∆	23.43uM	0.260693869505224
fluconazole	ybt1∆yor1∆	23.43uM	0.447565543071161
fluconazole	ybt1∆yor1∆	23.43uM	0.125807609475951
fluconazole	ybt1∆yor1∆	23.43uM	0.395908111988514
fluconazole	ybt1∆ycf1∆	23.43uM	0.15218519671961
fluconazole	ybt1∆ycf1∆	23.43uM	0.446901276860791
fluconazole	ybt1∆ycf1∆	23.43uM	0.284582066169017
fluconazole	ybt1∆ycf1∆	23.43uM	0.200534512948115
fluconazole	ybt1∆ycf1∆yor1∆	23.43uM	0.620265062505875
fluconazole	ybt1∆ycf1∆yor1∆	23.43uM	0.481812200394774
fluconazole	ybt1∆ycf1∆yor1∆	23.43uM	0.736670293797606
fluconazole	ybt1∆ycf1∆yor1∆	23.43uM	0.674374319912949
fluconazole	snq2∆yor1∆	23.43uM	0.251021377672209
fluconazole	snq2∆yor1∆	23.43uM	0.354394299287411
fluconazole	snq2∆yor1∆	23.43uM	0.310632770458341
fluconazole	snq2∆yor1∆	23.43uM	0.470309890517721
fluconazole	snq2∆ycf1∆	23.43uM	0.387765318382058
fluconazole	snq2∆ycf1∆	23.43uM	0.469963956748098
fluconazole	snq2∆ycf1∆	23.43uM	0.295341176470588
fluconazole	snq2∆ycf1∆	23.43uM	0.368658823529412
fluconazole	snq2∆ycf1∆yor1∆	23.43uM	0.266855027279813
fluconazole	snq2∆ycf1∆yor1∆	23.43uM	0.44037412314887
fluconazole	snq2∆ycf1∆yor1∆	23.43uM	0.61393665158371
fluconazole	snq2∆ycf1∆yor1∆	23.43uM	0.482714932126697
fluconazole	snq2∆ybt1∆	23.43uM	0.198318293683347
fluconazole	snq2∆ybt1∆	23.43uM	0.339520098441345
fluconazole	snq2∆ybt1∆	23.43uM	0.0820566832631176
fluconazole	snq2∆ybt1∆	23.43uM	0.14218690157028
fluconazole	snq2∆ybt1∆yor1∆	23.43uM	0.213939393939394
fluconazole	snq2∆ybt1∆yor1∆	23.43uM	0.349292929292929
fluconazole	snq2∆ybt1∆yor1∆	23.43uM	0.629002576370997
fluconazole	snq2∆ybt1∆yor1∆	23.43uM	0.770242914979757
fluconazole	pdr5∆	23.43uM	0.0714003164556962
fluconazole	pdr5∆	23.43uM	0.0743670886075949
fluconazole	pdr5∆	23.43uM	0.00412719257105337
fluconazole	pdr5∆	23.43uM	0.00196979645436637
fluconazole	pdr5∆yor1∆	23.43uM	0.0272337250512964
fluconazole	pdr5∆yor1∆	23.43uM	0.0301249766834546
fluconazole	pdr5∆yor1∆	23.43uM	0.0332924478710356
fluconazole	pdr5∆yor1∆	23.43uM	0.0550201506921325
fluconazole	pdr5∆ycf1∆	23.43uM	0.00310652369976951
fluconazole	pdr5∆ycf1∆	23.43uM	0.073855095700972
fluconazole	pdr5∆ycf1∆	23.43uM	0.0357765342629117
fluconazole	pdr5∆ycf1∆	23.43uM	0.0529309237684616
fluconazole	pdr5∆ycf1∆yor1∆	23.43uM	0.0291074364181414
fluconazole	pdr5∆ycf1∆yor1∆	23.43uM	0.0400348128807659
fluconazole	pdr5∆ycf1∆yor1∆	23.43uM	0.017696730147323
fluconazole	pdr5∆ycf1∆yor1∆	23.43uM	0.0234459216672655
fluconazole	pdr5∆ybt1∆	23.43uM	0.0586454786227771
fluconazole	pdr5∆ybt1∆	23.43uM	0.00122966326144532
fluconazole	pdr5∆ybt1∆	23.43uM	0.0337765001796622
fluconazole	pdr5∆ybt1∆	23.43uM	0.0511139058569889
fluconazole	pdr5∆ybt1∆yor1∆	23.43uM	0.197333333333333
fluconazole	pdr5∆ybt1∆yor1∆	23.43uM	0.172641975308642
fluconazole	pdr5∆ybt1∆yor1∆	23.43uM	0.0559251933105556
fluconazole	pdr5∆ybt1∆yor1∆	23.43uM	0.0438770005394713
fluconazole	pdr5∆ybt1∆ycf1∆	23.43uM	0.055723626427247
fluconazole	pdr5∆ybt1∆ycf1∆	23.43uM	0.0941739045574315
fluconazole	pdr5∆ybt1∆ycf1∆	23.43uM	0.0273013022002694
fluconazole	pdr5∆ybt1∆ycf1∆	23.43uM	0.0643915581499775
fluconazole	pdr5∆ybt1∆ycf1∆yor1∆	23.43uM	0.033514832895231
fluconazole	pdr5∆ybt1∆ycf1∆yor1∆	23.43uM	0.0939729628238828
fluconazole	pdr5∆ybt1∆ycf1∆yor1∆	23.43uM	0.0375540345821326
fluconazole	pdr5∆ybt1∆ycf1∆yor1∆	23.43uM	0.0455691642651297
fluconazole	pdr5∆snq2∆	23.43uM	0.0497592295345104
fluconazole	pdr5∆snq2∆	23.43uM	0.0535360211500331
fluconazole	pdr5∆snq2∆	23.43uM	0.0439898624185373
fluconazole	pdr5∆snq2∆	23.43uM	0.0349384503982621
fluconazole	pdr5∆snq2∆yor1∆	23.43uM	0.0630003812428517
fluconazole	pdr5∆snq2∆yor1∆	23.43uM	0.00333587495234463
fluconazole	pdr5∆snq2∆yor1∆	23.43uM	0.0473453749315818
fluconazole	pdr5∆snq2∆yor1∆	23.43uM	0.058839627805145
fluconazole	pdr5∆snq2∆ycf1∆	23.43uM	0.107563341810304
fluconazole	pdr5∆snq2∆ycf1∆	23.43uM	0.136290854290289
fluconazole	pdr5∆snq2∆ycf1∆	23.43uM	0.0168554356550433
fluconazole	pdr5∆snq2∆ycf1∆	23.43uM	0.0203335414251315
fluconazole	pdr5∆snq2∆ycf1∆yor1∆	23.43uM	0.081806603311453
fluconazole	pdr5∆snq2∆ycf1∆yor1∆	23.43uM	0.110904281375527
fluconazole	pdr5∆snq2∆ycf1∆yor1∆	23.43uM	0.0130670838317843
fluconazole	pdr5∆snq2∆ybt1∆	23.43uM	0.0261636452719255
fluconazole	pdr5∆snq2∆ybt1∆	23.43uM	0.00225379715825575
fluconazole	pdr5∆snq2∆ybt1∆	23.43uM	0.0402416274318202
fluconazole	pdr5∆snq2∆ybt1∆	23.43uM	0.0409522963489384
fluconazole	pdr5∆snq2∆ybt1∆yor1∆	23.43uM	0.0455116436370664
fluconazole	pdr5∆snq2∆ybt1∆yor1∆	23.43uM	0.0715044931877476
fluconazole	pdr5∆snq2∆ybt1∆yor1∆	23.43uM	0.0238198354265916
fluconazole	pdr5∆snq2∆ybt1∆yor1∆	23.43uM	0.0224339540926808
fluconazole	pdr5∆snq2∆ybt1∆ycf1∆	23.43uM	0.058928926936094
fluconazole	pdr5∆snq2∆ybt1∆ycf1∆	23.43uM	0.18584511248258
fluconazole	pdr5∆snq2∆ybt1∆ycf1∆	23.43uM	0.0393076090876307
fluconazole	pdr5∆snq2∆ybt1∆ycf1∆	23.43uM	0.0449873782906599
fluconazole	snq2∆	23.43uM	0.335120643431635
fluconazole	snq2∆	23.43uM	0.466178593524438
fluconazole	snq2∆ybt1∆ycf1∆	23.43uM	0.139883657516815
fluconazole	snq2∆ybt1∆ycf1∆	23.43uM	0.0976186147973096
fluconazole	snq2∆ybt1∆ycf1∆yor1∆	23.43uM	0.791317801237714
fluconazole	snq2∆ybt1∆ycf1∆yor1∆	23.43uM	0.797688387331635
fluconazole	pdr5∆snq2∆ybt1∆ycf1∆yor1∆	23.43uM	0.0345015434901035
fluconazole	pdr5∆snq2∆ybt1∆ycf1∆yor1∆	23.43uM	0.0430361358271291
fluconazole	wt	1.3uM	0.931782489202984
fluconazole	wt	1.3uM	0.955634079308991
fluconazole	wt	1.3uM	0.876038110765782
fluconazole	ycf1∆yor1∆	1.3uM	0.994328922495274
fluconazole	ycf1∆yor1∆	1.3uM	0.991493383742911
fluconazole	ybt1∆yor1∆	1.3uM	0.982124758131392
fluconazole	ybt1∆yor1∆	1.3uM	0.974292822261126
fluconazole	ybt1∆ycf1∆	1.3uM	0.957643434732383
fluconazole	ybt1∆ycf1∆	1.3uM	0.957643434732383
fluconazole	ybt1∆ycf1∆yor1∆	1.3uM	0.997713972201902
fluconazole	ybt1∆ycf1∆yor1∆	1.3uM	0.990947329919532
fluconazole	snq2∆yor1∆	1.3uM	0.955455736477634
fluconazole	snq2∆yor1∆	1.3uM	0.924106307317986
fluconazole	snq2∆ycf1∆	1.3uM	0.897738999906183
fluconazole	snq2∆ycf1∆	1.3uM	0.955249085280045
fluconazole	snq2∆ycf1∆yor1∆	1.3uM	0.979854147675479
fluconazole	snq2∆ycf1∆yor1∆	1.3uM	0.980948040109389
fluconazole	snq2∆ybt1∆	1.3uM	0.959662288930581
fluconazole	snq2∆ybt1∆	1.3uM	1.0062851782364
fluconazole	snq2∆ybt1∆yor1∆	1.3uM	0.933150684931507
fluconazole	snq2∆ybt1∆yor1∆	1.3uM	0.941187214611872
fluconazole	snq2∆ybt1∆ycf1∆	1.3uM	0.993365726032517
fluconazole	snq2∆ybt1∆ycf1∆	1.3uM	0.980938142403289
fluconazole	snq2∆ybt1∆ycf1∆yor1∆	1.3uM	0.974129074437284
fluconazole	snq2∆ybt1∆ycf1∆yor1∆	1.3uM	0.967124311198282
fluconazole	pdr5∆yor1∆	1.3uM	0.800305151678334
fluconazole	pdr5∆yor1∆	1.3uM	0.852898940944175
fluconazole	pdr5∆ycf1∆	1.3uM	0.612583091470836
fluconazole	pdr5∆ycf1∆	1.3uM	0.721468027338264
fluconazole	pdr5∆ycf1∆yor1∆	1.3uM	0.87533826447772
fluconazole	pdr5∆ycf1∆yor1∆	1.3uM	0.893649648204943
fluconazole	pdr5∆ybt1∆	1.3uM	0.602213001383126
fluconazole	pdr5∆ybt1∆	1.3uM	0.711295527893038
fluconazole	pdr5∆ybt1∆yor1∆	1.3uM	0.899804086202071
fluconazole	pdr5∆ybt1∆yor1∆	1.3uM	0.923033865099356
fluconazole	pdr5∆ybt1∆ycf1∆	1.3uM	0.575732675979184
fluconazole	pdr5∆ybt1∆ycf1∆	1.3uM	0.790650963206427
fluconazole	pdr5∆ybt1∆ycf1∆yor1∆	1.3uM	0.887721189257163
fluconazole	pdr5∆ybt1∆ycf1∆yor1∆	1.3uM	0.932183598311327
fluconazole	pdr5∆snq2∆	1.3uM	0.21119382409705
fluconazole	pdr5∆snq2∆	1.3uM	0.113868210642404
fluconazole	pdr5∆snq2∆yor1∆	1.3uM	0.281336278299282
fluconazole	pdr5∆snq2∆yor1∆	1.3uM	0.454905208908522
fluconazole	pdr5∆snq2∆ycf1∆	1.3uM	0.0509818050801657
fluconazole	pdr5∆snq2∆ycf1∆	1.3uM	0.0583678616465502
fluconazole	pdr5∆snq2∆ycf1∆yor1∆	1.3uM	0.190191279122473
fluconazole	pdr5∆snq2∆ycf1∆yor1∆	1.3uM	0.15927839724413
fluconazole	pdr5∆snq2∆ybt1∆	1.3uM	0.201060169255092
fluconazole	pdr5∆snq2∆ybt1∆	1.3uM	0.281130847205431
fluconazole	pdr5∆snq2∆ybt1∆yor1∆	1.3uM	0.0983819330276023
fluconazole	pdr5∆snq2∆ybt1∆yor1∆	1.3uM	0.0549450549450549
fluconazole	pdr5∆snq2∆ybt1∆ycf1∆	1.3uM	0.151200220730249
fluconazole	pdr5∆snq2∆ybt1∆ycf1∆	1.3uM	0.231398877954566
fluconazole	pdr5∆snq2∆ybt1∆ycf1∆yor1∆	1.3uM	0.153568786982249
fluconazole	pdr5∆snq2∆ybt1∆ycf1∆yor1∆	1.3uM	0.073594674556213
fluconazole	ybt1∆	1.3uM	0.953409224269452
fluconazole	ybt1∆	1.3uM	0.842758227572217
fluconazole	ybt1∆	1.3uM	0.85533220446963
fluconazole	wt	1.9uM	0.93485102811582
fluconazole	wt	1.9uM	0.9843684431389
fluconazole	wt	1.9uM	0.876343812095583
fluconazole	wt	1.9uM	0.909031717979723
fluconazole	wt	1.9uM	0.953678727560227
fluconazole	ycf1∆yor1∆	1.9uM	1.01156898365044
fluconazole	ycf1∆yor1∆	1.9uM	1.00736208050483
fluconazole	ycf1∆yor1∆	1.9uM	0.972112287160607
fluconazole	ycf1∆yor1∆	1.9uM	0.978831109065808
fluconazole	ybt1∆yor1∆	1.9uM	0.985211002260738
fluconazole	ybt1∆yor1∆	1.9uM	1.00357950263753
fluconazole	ybt1∆yor1∆	1.9uM	0.956076529237402
fluconazole	ybt1∆yor1∆	1.9uM	0.962094673493218
fluconazole	ybt1∆ycf1∆	1.9uM	0.957757296466974
fluconazole	ybt1∆ycf1∆	1.9uM	0.962845622119816
fluconazole	ybt1∆ycf1∆	1.9uM	0.965213314580403
fluconazole	ybt1∆ycf1∆	1.9uM	0.959399906235349
fluconazole	ybt1∆ycf1∆yor1∆	1.9uM	0.982542694497153
fluconazole	ybt1∆ycf1∆yor1∆	1.9uM	1.0111954459203
fluconazole	ybt1∆ycf1∆yor1∆	1.9uM	0.944098257021584
fluconazole	ybt1∆ycf1∆yor1∆	1.9uM	0.94996839158313
fluconazole	snq2∆yor1∆	1.9uM	0.943942307692308
fluconazole	snq2∆yor1∆	1.9uM	0.976442307692308
fluconazole	snq2∆yor1∆	1.9uM	0.942401621970325
fluconazole	snq2∆yor1∆	1.9uM	0.929683900101373
fluconazole	snq2∆ycf1∆	1.9uM	0.964850438110585
fluconazole	snq2∆ycf1∆	1.9uM	0.99184207875919
fluconazole	snq2∆ycf1∆	1.9uM	0.903384330088085
fluconazole	snq2∆ycf1∆	1.9uM	0.947334260547056
fluconazole	snq2∆ycf1∆yor1∆	1.9uM	0.970467289719626
fluconazole	snq2∆ycf1∆yor1∆	1.9uM	0.986822429906542
fluconazole	snq2∆ycf1∆yor1∆	1.9uM	0.948345803659966
fluconazole	snq2∆ycf1∆yor1∆	1.9uM	0.970341656900748
fluconazole	snq2∆ybt1∆	1.9uM	0.990790111488124
fluconazole	snq2∆ybt1∆	1.9uM	1.03247697527872
fluconazole	snq2∆ybt1∆	1.9uM	0.967277486910995
fluconazole	snq2∆ybt1∆	1.9uM	1.01187359760658
fluconazole	snq2∆ybt1∆yor1∆	1.9uM	0.93048915042295
fluconazole	snq2∆ybt1∆yor1∆	1.9uM	0.920742920191247
fluconazole	snq2∆ybt1∆yor1∆	1.9uM	0.922437923250564
fluconazole	snq2∆ybt1∆yor1∆	1.9uM	0.924966139954853
fluconazole	snq2∆ybt1∆ycf1∆	1.9uM	0.990938266943553
fluconazole	snq2∆ybt1∆ycf1∆	1.9uM	1
fluconazole	snq2∆ybt1∆ycf1∆	1.9uM	0.95528233151184
fluconazole	snq2∆ybt1∆ycf1∆	1.9uM	0.936520947176685
fluconazole	snq2∆ybt1∆ycf1∆yor1∆	1.9uM	0.941170960187354
fluconazole	snq2∆ybt1∆ycf1∆yor1∆	1.9uM	0.943512880562061
fluconazole	snq2∆ybt1∆ycf1∆yor1∆	1.9uM	0.951997034565842
fluconazole	snq2∆ybt1∆ycf1∆yor1∆	1.9uM	0.950884996756556
fluconazole	pdr5∆yor1∆	1.9uM	0.0771286398820494
fluconazole	pdr5∆yor1∆	1.9uM	0.086619977884261
fluconazole	pdr5∆yor1∆	1.9uM	0.0480496453900709
fluconazole	pdr5∆yor1∆	1.9uM	0.0395390070921986
fluconazole	pdr5∆ycf1∆	1.9uM	0.12530260482231
fluconazole	pdr5∆ycf1∆	1.9uM	0.163358187276072
fluconazole	pdr5∆ycf1∆	1.9uM	0.0759985207100592
fluconazole	pdr5∆ycf1∆	1.9uM	0.0479844674556213
fluconazole	pdr5∆ycf1∆yor1∆	1.9uM	0.0709082526509912
fluconazole	pdr5∆ycf1∆yor1∆	1.9uM	0.059382203780544
fluconazole	pdr5∆ycf1∆yor1∆	1.9uM	0.0306104289019398
fluconazole	pdr5∆ycf1∆yor1∆	1.9uM	0.0332799430503649
fluconazole	pdr5∆ybt1∆	1.9uM	0.101954366034466
fluconazole	pdr5∆ybt1∆	1.9uM	0.131799364590353
fluconazole	pdr5∆ybt1∆	1.9uM	0.0665826885009898
fluconazole	pdr5∆ybt1∆	1.9uM	0.0483174374662588
fluconazole	pdr5∆ybt1∆yor1∆	1.9uM	0.425662482566248
fluconazole	pdr5∆ybt1∆yor1∆	1.9uM	0.3814039981404
fluconazole	pdr5∆ybt1∆yor1∆	1.9uM	0.0992914162705175
fluconazole	pdr5∆ybt1∆yor1∆	1.9uM	0.090680778545161
fluconazole	pdr5∆ybt1∆ycf1∆	1.9uM	0.0941316925337497
fluconazole	pdr5∆ybt1∆ycf1∆	1.9uM	0.154192304160162
fluconazole	pdr5∆ybt1∆ycf1∆	1.9uM	0.0722247394653376
fluconazole	pdr5∆ybt1∆ycf1∆	1.9uM	0.0889895786135025
fluconazole	pdr5∆ybt1∆ycf1∆yor1∆	1.9uM	0.256403143781785
fluconazole	pdr5∆ybt1∆ycf1∆yor1∆	1.9uM	0.382154415164124
fluconazole	pdr5∆ybt1∆ycf1∆yor1∆	1.9uM	0.0923864248518585
fluconazole	pdr5∆ybt1∆ycf1∆yor1∆	1.9uM	0.0843059795295385
fluconazole	pdr5∆snq2∆	1.9uM	0.0475771785853849
fluconazole	pdr5∆snq2∆	1.9uM	0.0628175068386088
fluconazole	pdr5∆snq2∆	1.9uM	0.0474304822245688
fluconazole	pdr5∆snq2∆	1.9uM	0.0733016543470609
fluconazole	pdr5∆snq2∆yor1∆	1.9uM	0.0848128047097783
fluconazole	pdr5∆snq2∆yor1∆	1.9uM	0.0600680710146261
fluconazole	pdr5∆snq2∆yor1∆	1.9uM	0.0899097327732595
fluconazole	pdr5∆snq2∆yor1∆	1.9uM	0.0743587451961748
fluconazole	pdr5∆snq2∆ycf1∆	1.9uM	0.0353907927911103
fluconazole	pdr5∆snq2∆ycf1∆	1.9uM	0.0329629283779998
fluconazole	pdr5∆snq2∆ycf1∆	1.9uM	0.0269534679543459
fluconazole	pdr5∆snq2∆ycf1∆	1.9uM	0.0326602282704126
fluconazole	pdr5∆snq2∆ycf1∆yor1∆	1.9uM	0.060857908847185
fluconazole	pdr5∆snq2∆ycf1∆yor1∆	1.9uM	0.0800714924039321
fluconazole	pdr5∆snq2∆ycf1∆yor1∆	1.9uM	0.924561730697501
fluconazole	pdr5∆snq2∆ycf1∆yor1∆	1.9uM	0.928011935844834
fluconazole	pdr5∆snq2∆ybt1∆	1.9uM	0.0631368441100848
fluconazole	pdr5∆snq2∆ybt1∆	1.9uM	0.0826587944005333
fluconazole	pdr5∆snq2∆ybt1∆	1.9uM	0.0582312925170068
fluconazole	pdr5∆snq2∆ybt1∆	1.9uM	0.0452607709750567
fluconazole	pdr5∆snq2∆ybt1∆yor1∆	1.9uM	0.0291397661839121
fluconazole	pdr5∆snq2∆ybt1∆yor1∆	1.9uM	0.0314081312161926
fluconazole	pdr5∆snq2∆ybt1∆yor1∆	1.9uM	0.0285179194688006
fluconazole	pdr5∆snq2∆ybt1∆yor1∆	1.9uM	0.0407763684344939
fluconazole	pdr5∆snq2∆ybt1∆ycf1∆	1.9uM	0.0565489697739857
fluconazole	pdr5∆snq2∆ybt1∆ycf1∆	1.9uM	0.0762458019424526
fluconazole	pdr5∆snq2∆ybt1∆ycf1∆	1.9uM	0.0388100686498856
fluconazole	pdr5∆snq2∆ybt1∆ycf1∆	1.9uM	0.0493363844393593
fluconazole	pdr5∆snq2∆ybt1∆ycf1∆yor1∆	1.9uM	0.0423127218382216
fluconazole	pdr5∆snq2∆ybt1∆ycf1∆yor1∆	1.9uM	0.05109284513357
fluconazole	pdr5∆snq2∆ybt1∆ycf1∆yor1∆	1.9uM	0.0567458538771851
fluconazole	pdr5∆snq2∆ybt1∆ycf1∆yor1∆	1.9uM	0.0443747198565666
fluconazole	ybt1∆	1.9uM	0.957634080506983
fluconazole	ybt1∆	1.9uM	0.838734554965044
fluconazole	ybt1∆	1.9uM	0.876355893842104
fluconazole	wt	3.9uM	0.95249500998004
fluconazole	wt	3.9uM	0.996806387225549
fluconazole	wt	3.9uM	0.768032865195376
fluconazole	wt	3.9uM	0.793637145313844
fluconazole	wt	3.9uM	0.903124104327888
fluconazole	wt	3.9uM	0.847404086207775
fluconazole	ycf1∆yor1∆	3.9uM	1.01068760049182
fluconazole	ycf1∆yor1∆	3.9uM	1.008417667644
fluconazole	ybt1∆yor1∆	3.9uM	1.00342498335078
fluconazole	ybt1∆yor1∆	3.9uM	1.01217771858053
fluconazole	ybt1∆ycf1∆	3.9uM	0.981501210653753
fluconazole	ybt1∆ycf1∆	3.9uM	0.960968523002421
fluconazole	ybt1∆ycf1∆yor1∆	3.9uM	0.965706319702602
fluconazole	ybt1∆ycf1∆yor1∆	3.9uM	1.01245353159851
fluconazole	snq2∆yor1∆	3.9uM	0.970851806433355
fluconazole	snq2∆yor1∆	3.9uM	0.960475426846524
fluconazole	snq2∆ycf1∆	3.9uM	0.920536834990827
fluconazole	snq2∆ycf1∆	3.9uM	0.925654146953751
fluconazole	snq2∆ycf1∆yor1∆	3.9uM	0.989485542621104
fluconazole	snq2∆ycf1∆yor1∆	3.9uM	1.00854299662035
fluconazole	snq2∆ybt1∆	3.9uM	1.00220529270249
fluconazole	snq2∆ybt1∆	3.9uM	1.04951884522855
fluconazole	snq2∆ybt1∆yor1∆	3.9uM	0.917572463768116
fluconazole	snq2∆ybt1∆yor1∆	3.9uM	0.919655797101449
fluconazole	snq2∆ybt1∆ycf1∆	3.9uM	0.981860063345811
fluconazole	snq2∆ybt1∆ycf1∆	3.9uM	1.0078702370669
fluconazole	snq2∆ybt1∆ycf1∆yor1∆	3.9uM	0.955229567536674
fluconazole	snq2∆ybt1∆ycf1∆yor1∆	3.9uM	0.958944560868737
fluconazole	pdr5∆yor1∆	3.9uM	0.0380916814489777
fluconazole	pdr5∆yor1∆	3.9uM	0.0394921109140136
fluconazole	pdr5∆ycf1∆	3.9uM	0.0515133876600698
fluconazole	pdr5∆ycf1∆	3.9uM	0.0390958478851378
fluconazole	pdr5∆ycf1∆yor1∆	3.9uM	0.0200508074759572
fluconazole	pdr5∆ycf1∆yor1∆	3.9uM	0.0205044456541463
fluconazole	pdr5∆ybt1∆	3.9uM	0.0423467960078351
fluconazole	pdr5∆ybt1∆	3.9uM	0.0433728196996549
fluconazole	pdr5∆ybt1∆yor1∆	3.9uM	0.0508599963010912
fluconazole	pdr5∆ybt1∆yor1∆	3.9uM	0.0593674865914555
fluconazole	pdr5∆ybt1∆ycf1∆	3.9uM	0.0369619319752973
fluconazole	pdr5∆ybt1∆ycf1∆	3.9uM	0.0552124619780625
fluconazole	pdr5∆ybt1∆ycf1∆yor1∆	3.9uM	0.0380143112701252
fluconazole	pdr5∆ybt1∆ycf1∆yor1∆	3.9uM	0.038819320214669
fluconazole	pdr5∆snq2∆	3.9uM	0.0416786432883012
fluconazole	pdr5∆snq2∆	3.9uM	0.0461818530228993
fluconazole	pdr5∆snq2∆yor1∆	3.9uM	0.0564271951555188
fluconazole	pdr5∆snq2∆yor1∆	3.9uM	0.065969354986696
fluconazole	pdr5∆snq2∆ycf1∆	3.9uM	0.0167007195522786
fluconazole	pdr5∆snq2∆ycf1∆	3.9uM	0.0281602558408102
fluconazole	pdr5∆snq2∆ybt1∆	3.9uM	0.0456629549920464
fluconazole	pdr5∆snq2∆ybt1∆	3.9uM	0.0508093945915598
fluconazole	pdr5∆snq2∆ybt1∆yor1∆	3.9uM	0.0172815186246418
fluconazole	pdr5∆snq2∆ybt1∆yor1∆	3.9uM	0.0281160458452722
fluconazole	pdr5∆snq2∆ybt1∆ycf1∆	3.9uM	0.0333702064896755
fluconazole	pdr5∆snq2∆ybt1∆ycf1∆	3.9uM	0.0547566371681416
fluconazole	pdr5∆snq2∆ybt1∆ycf1∆yor1∆	3.9uM	0.0353712596970816
fluconazole	pdr5∆snq2∆ybt1∆ycf1∆yor1∆	3.9uM	0.0446989287033617
fluconazole	pdr5∆	3.9uM	0.0173529687646562
fluconazole	pdr5∆	3.9uM	0.0214801613357096
fluconazole	pdr5∆snq2∆ycf1∆yor1∆	3.9uM	0.0151835833256649
fluconazole	ybt1∆	3.9uM	0.955823427833755
fluconazole	ybt1∆	3.9uM	0.861468305195567
fluconazole	ybt1∆	3.9uM	0.884705014501987
fluconazole	wt	7.8uM	0.906781261805818
fluconazole	wt	7.8uM	0.950321118247072
fluconazole	wt	7.8uM	0.771949937900067
fluconazole	wt	7.8uM	0.89662749593962
fluconazole	wt	7.8uM	0.853620013247058
fluconazole	ycf1∆yor1∆	7.8uM	0.981266808865807
fluconazole	ycf1∆yor1∆	7.8uM	0.979319298896411
fluconazole	ybt1∆yor1∆	7.8uM	0.947092813289996
fluconazole	ybt1∆yor1∆	7.8uM	0.988894907908993
fluconazole	ybt1∆ycf1∆	7.8uM	0.923176123802506
fluconazole	ybt1∆ycf1∆	7.8uM	0.958364038319823
fluconazole	ybt1∆ycf1∆yor1∆	7.8uM	0.918084824971343
fluconazole	ybt1∆ycf1∆yor1∆	7.8uM	0.938629750462922
fluconazole	snq2∆yor1∆	7.8uM	0.916222181350009
fluconazole	snq2∆yor1∆	7.8uM	0.942339525473607
fluconazole	snq2∆ycf1∆	7.8uM	0.932561180646367
fluconazole	snq2∆ycf1∆	7.8uM	0.936671025593125
fluconazole	snq2∆ycf1∆yor1∆	7.8uM	0.959765590833552
fluconazole	snq2∆ycf1∆yor1∆	7.8uM	0.936412140295635
fluconazole	snq2∆ybt1∆	7.8uM	0.933167404129793
fluconazole	snq2∆ybt1∆	7.8uM	0.99290191740413
fluconazole	snq2∆ybt1∆yor1∆	7.8uM	0.925859114277983
fluconazole	snq2∆ybt1∆yor1∆	7.8uM	0.940019843059439
fluconazole	snq2∆ybt1∆ycf1∆	7.8uM	0.950698362778651
fluconazole	snq2∆ybt1∆ycf1∆	7.8uM	0.981222828600499
fluconazole	snq2∆ybt1∆ycf1∆yor1∆	7.8uM	0.919157856361648
fluconazole	snq2∆ybt1∆ycf1∆yor1∆	7.8uM	0.945679912504557
fluconazole	pdr5∆yor1∆	7.8uM	0.140462531373252
fluconazole	pdr5∆yor1∆	7.8uM	0.0567407673001076
fluconazole	pdr5∆ycf1∆	7.8uM	0.0429302501895375
fluconazole	pdr5∆ycf1∆	7.8uM	0.0545868081880212
fluconazole	pdr5∆ycf1∆yor1∆	7.8uM	0.0182942322351148
fluconazole	pdr5∆ycf1∆yor1∆	7.8uM	0.0218514440586093
fluconazole	pdr5∆ybt1∆	7.8uM	0.0442139737991266
fluconazole	pdr5∆ybt1∆	7.8uM	0.0546761280931587
fluconazole	pdr5∆ybt1∆yor1∆	7.8uM	0.0328460725607608
fluconazole	pdr5∆ybt1∆yor1∆	7.8uM	0.0502817893624516
fluconazole	pdr5∆ybt1∆ycf1∆	7.8uM	0.0498464872674734
fluconazole	pdr5∆ybt1∆ycf1∆	7.8uM	0.060140870507495
fluconazole	pdr5∆ybt1∆ycf1∆yor1∆	7.8uM	0.0558934001073153
fluconazole	pdr5∆ybt1∆ycf1∆yor1∆	7.8uM	0.0540153818637095
fluconazole	pdr5∆snq2∆	7.8uM	0.049381593306657
fluconazole	pdr5∆snq2∆	7.8uM	0.0572935612950164
fluconazole	pdr5∆snq2∆yor1∆	7.8uM	0.0503291753291753
fluconazole	pdr5∆snq2∆yor1∆	7.8uM	0.0830734580734581
fluconazole	pdr5∆snq2∆ycf1∆	7.8uM	0.0177555593863127
fluconazole	pdr5∆snq2∆ycf1∆	7.8uM	0.025168074469919
fluconazole	pdr5∆snq2∆ybt1∆	7.8uM	0.0447840296793569
fluconazole	pdr5∆snq2∆ybt1∆	7.8uM	0.0405441215440332
fluconazole	pdr5∆snq2∆ybt1∆yor1∆	7.8uM	0.0195121951219512
fluconazole	pdr5∆snq2∆ybt1∆yor1∆	7.8uM	0.0252771618625277
fluconazole	pdr5∆snq2∆ybt1∆ycf1∆	7.8uM	0.0330290010741138
fluconazole	pdr5∆snq2∆ybt1∆ycf1∆	7.8uM	0.0422484783387039
fluconazole	pdr5∆snq2∆ybt1∆ycf1∆yor1∆	7.8uM	0.0440489032722042
fluconazole	pdr5∆snq2∆ybt1∆ycf1∆yor1∆	7.8uM	0.0303847536857246
fluconazole	pdr5∆	7.8uM	0.00834818497326705
fluconazole	pdr5∆	7.8uM	0.0137885751805647
fluconazole	pdr5∆snq2∆ycf1∆yor1∆	7.8uM	0.011042606055029
fluconazole	ybt1∆	7.8uM	0.954716917866783
fluconazole	ybt1∆	7.8uM	0.834006739651617
fluconazole	ybt1∆	7.8uM	0.846681308364209
fluconazole	yor1∆	15.6uM	0.893670026044616
fluconazole	yor1∆	15.6uM	0.960593364284905
fluconazole	ycf1∆	15.6uM	0.917139993317741
fluconazole	ycf1∆	15.6uM	0.947767011916694
fluconazole	ycf1∆yor1∆	15.6uM	0.480754716981132
fluconazole	ycf1∆yor1∆	15.6uM	0.569433962264151
fluconazole	ybt1∆	15.6uM	0.887018415998192
fluconazole	ybt1∆	15.6uM	0.94689865551915
fluconazole	ybt1∆	15.6uM	0.885006789947525
fluconazole	ybt1∆	15.6uM	0.720237396683823
fluconazole	ybt1∆	15.6uM	0.70192968632119
fluconazole	ybt1∆yor1∆	15.6uM	0.860671662503469
fluconazole	ybt1∆yor1∆	15.6uM	0.620408918493848
fluconazole	ybt1∆ycf1∆	15.6uM	0.51717611431816
fluconazole	ybt1∆ycf1∆	15.6uM	0.737389987697549
fluconazole	ybt1∆ycf1∆yor1∆	15.6uM	0.889751111952304
fluconazole	ybt1∆ycf1∆yor1∆	15.6uM	0.84782814422258
fluconazole	snq2∆	15.6uM	0.843914785910145
fluconazole	snq2∆	15.6uM	0.914891373128032
fluconazole	snq2∆yor1∆	15.6uM	0.696573615908879
fluconazole	snq2∆yor1∆	15.6uM	0.77415740827187
fluconazole	snq2∆ycf1∆	15.6uM	0.786760563380282
fluconazole	snq2∆ycf1∆	15.6uM	0.830892018779343
fluconazole	snq2∆ycf1∆yor1∆	15.6uM	0.790085795996187
fluconazole	snq2∆ycf1∆yor1∆	15.6uM	0.951954242135367
fluconazole	snq2∆ybt1∆	15.6uM	0.801118827160494
fluconazole	snq2∆ybt1∆	15.6uM	0.724247685185185
fluconazole	snq2∆ybt1∆yor1∆	15.6uM	0.885349716446125
fluconazole	snq2∆ybt1∆yor1∆	15.6uM	0.764839319470699
fluconazole	snq2∆ybt1∆ycf1∆	15.6uM	0.44160970443824
fluconazole	snq2∆ybt1∆ycf1∆	15.6uM	0.48772504091653
fluconazole	snq2∆ybt1∆ycf1∆yor1∆	15.6uM	0.898536956108683
fluconazole	snq2∆ybt1∆ycf1∆yor1∆	15.6uM	0.948603458103743
fluconazole	pdr5∆yor1∆	15.6uM	0.0653750884642604
fluconazole	pdr5∆yor1∆	15.6uM	0.0191967445152159
fluconazole	pdr5∆ycf1∆	15.6uM	0.0422441617619138
fluconazole	pdr5∆ycf1∆	15.6uM	0.0458515283842795
fluconazole	pdr5∆ycf1∆yor1∆	15.6uM	0.0223590715300805
fluconazole	pdr5∆ycf1∆yor1∆	15.6uM	0.01468498342018
fluconazole	pdr5∆ybt1∆	15.6uM	0.053167632218277
fluconazole	pdr5∆ybt1∆	15.6uM	0.0306484769202018
fluconazole	pdr5∆ybt1∆yor1∆	15.6uM	0.070389707253403
fluconazole	pdr5∆ybt1∆yor1∆	15.6uM	0.0330039157188141
fluconazole	pdr5∆ybt1∆ycf1∆	15.6uM	0.0613462614208465
fluconazole	pdr5∆ybt1∆ycf1∆	15.6uM	0.0404624277456647
fluconazole	pdr5∆ybt1∆ycf1∆yor1∆	15.6uM	0.0743824336688015
fluconazole	pdr5∆ybt1∆ycf1∆yor1∆	15.6uM	0.0370539798719122
fluconazole	pdr5∆snq2∆	15.6uM	0.0222141626620727
fluconazole	pdr5∆snq2∆	15.6uM	0.0524979599238371
fluconazole	pdr5∆snq2∆yor1∆	15.6uM	0.0301904319554111
fluconazole	pdr5∆snq2∆yor1∆	15.6uM	0.0603808639108221
fluconazole	pdr5∆snq2∆ycf1∆	15.6uM	0.0159641255605381
fluconazole	pdr5∆snq2∆ycf1∆	15.6uM	0.0113004484304933
fluconazole	pdr5∆snq2∆ybt1∆	15.6uM	0.0293729994351346
fluconazole	pdr5∆snq2∆ybt1∆	15.6uM	0.0619469026548672
fluconazole	pdr5∆snq2∆ybt1∆yor1∆	15.6uM	0.0249091392607038
fluconazole	pdr5∆snq2∆ybt1∆yor1∆	15.6uM	0.0455633365836362
fluconazole	pdr5∆snq2∆ybt1∆ycf1∆	15.6uM	0.0448657781115074
fluconazole	pdr5∆snq2∆ybt1∆ycf1∆	15.6uM	0.0627933170640135
fluconazole	pdr5∆snq2∆ybt1∆ycf1∆yor1∆	15.6uM	0.0742969999059532
fluconazole	pdr5∆snq2∆ybt1∆ycf1∆yor1∆	15.6uM	0.032258064516129
fluconazole	wt	15.6uM	0.769657017292443
fluconazole	wt	15.6uM	0.743766122098022
fluconazole	wt	15.6uM	0.879908283175695
fluconazole	wt	15.6uM	0.818973862536302
fluconazole	pdr5∆	15.6uM	0.0162273707907326
fluconazole	pdr5∆	15.6uM	0.0102241815964731
fluconazole	pdr5∆snq2∆ycf1∆yor1∆	15.6uM	0.0127910186804086
fluconazole	wt	31.2uM	0.00479110770410119
fluconazole	wt	31.2uM	0.00843234955921809
fluconazole	wt	31.2uM	0.0335339638865004
fluconazole	wt	31.2uM	0.208273621859176
fluconazole	wt	31.2uM	0.0450941052832713
fluconazole	wt	31.2uM	0.26607432884303
fluconazole	wt	31.2uM	0.0933408060325062
fluconazole	ycf1∆yor1∆	31.2uM	0.0392139022836866
fluconazole	ycf1∆yor1∆	31.2uM	0.0592302793194432
fluconazole	ybt1∆yor1∆	31.2uM	0.0194793536804309
fluconazole	ybt1∆yor1∆	31.2uM	0.018491921005386
fluconazole	ybt1∆ycf1∆	31.2uM	0.0376112283276764
fluconazole	ybt1∆ycf1∆	31.2uM	0.235391248509311
fluconazole	ybt1∆ycf1∆yor1∆	31.2uM	0.0479351032448378
fluconazole	ybt1∆ycf1∆yor1∆	31.2uM	0.081858407079646
fluconazole	snq2∆yor1∆	31.2uM	0.121240166589542
fluconazole	snq2∆yor1∆	31.2uM	0.12799629801018
fluconazole	snq2∆ycf1∆	31.2uM	0.25924179554885
fluconazole	snq2∆ycf1∆	31.2uM	0.200490380988306
fluconazole	snq2∆ycf1∆yor1∆	31.2uM	0.157621089117942
fluconazole	snq2∆ycf1∆yor1∆	31.2uM	0.0488917267171395
fluconazole	snq2∆ybt1∆	31.2uM	0.00659908186687069
fluconazole	snq2∆ybt1∆	31.2uM	0.0115723029839327
fluconazole	snq2∆ybt1∆yor1∆	31.2uM	0.176322191188395
fluconazole	snq2∆ybt1∆yor1∆	31.2uM	0.131903775114875
fluconazole	snq2∆ybt1∆ycf1∆	31.2uM	0.0465686274509804
fluconazole	snq2∆ybt1∆ycf1∆	31.2uM	0.00970965309200604
fluconazole	snq2∆ybt1∆ycf1∆yor1∆	31.2uM	0.777492903580258
fluconazole	snq2∆ybt1∆ycf1∆yor1∆	31.2uM	0.503250618075268
fluconazole	pdr5∆yor1∆	31.2uM	0.0272469922151451
fluconazole	pdr5∆yor1∆	31.2uM	0.0312278839348903
fluconazole	pdr5∆ycf1∆	31.2uM	0.0567942013028718
fluconazole	pdr5∆ycf1∆	31.2uM	0.0331223047986054
fluconazole	pdr5∆ycf1∆yor1∆	31.2uM	0.0421648261385416
fluconazole	pdr5∆ycf1∆yor1∆	31.2uM	0.0193483617778589
fluconazole	pdr5∆ybt1∆	31.2uM	0.0523670261378176
fluconazole	pdr5∆ybt1∆	31.2uM	0.0287881557302139
fluconazole	pdr5∆ybt1∆yor1∆	31.2uM	0.0371431128613622
fluconazole	pdr5∆ybt1∆yor1∆	31.2uM	0.0494943166562248
fluconazole	pdr5∆ybt1∆ycf1∆	31.2uM	0.0472247497725205
fluconazole	pdr5∆ybt1∆ycf1∆	31.2uM	0.0625113739763421
fluconazole	pdr5∆ybt1∆ycf1∆yor1∆	31.2uM	0.0480684424060681
fluconazole	pdr5∆ybt1∆ycf1∆yor1∆	31.2uM	0.0500088198976892
fluconazole	pdr5∆snq2∆	31.2uM	0.0574162679425837
fluconazole	pdr5∆snq2∆	31.2uM	0.0598537510156179
fluconazole	pdr5∆snq2∆yor1∆	31.2uM	0.0819464544138929
fluconazole	pdr5∆snq2∆yor1∆	31.2uM	0.0596960926193922
fluconazole	pdr5∆snq2∆ycf1∆	31.2uM	0.0200562664488611
fluconazole	pdr5∆snq2∆ycf1∆	31.2uM	0.000907523368726745
fluconazole	pdr5∆snq2∆ybt1∆	31.2uM	0.0570279656369951
fluconazole	pdr5∆snq2∆ybt1∆	31.2uM	0.025498080789618
fluconazole	pdr5∆snq2∆ybt1∆yor1∆	31.2uM	0.0364020047480876
fluconazole	pdr5∆snq2∆ybt1∆yor1∆	31.2uM	0.0473929482106744
fluconazole	pdr5∆snq2∆ybt1∆ycf1∆	31.2uM	0.0508553365563407
fluconazole	pdr5∆snq2∆ybt1∆ycf1∆	31.2uM	0.0589438452956489
fluconazole	pdr5∆snq2∆ybt1∆ycf1∆yor1∆	31.2uM	0.0268737457464445
fluconazole	pdr5∆snq2∆ybt1∆ycf1∆yor1∆	31.2uM	0.03516272576564
fluconazole	pdr5∆	31.2uM	0.00665978801238157
fluconazole	pdr5∆	31.2uM	0.0144451739986868
fluconazole	pdr5∆	31.2uM	0.013882375011725
fluconazole	pdr5∆	31.2uM	0.0114435794015571
fluconazole	pdr5∆snq2∆ycf1∆yor1∆	31.2uM	0.0147234747400386
fluconazole	pdr5∆snq2∆ycf1∆yor1∆	31.2uM	0.0121468666605319
fluconazole	ybt1∆	31.2uM	0.0346035844216809
fluconazole	ybt1∆	31.2uM	0.00362130534645498
fluconazole	ybt1∆	31.2uM	0.00100591815179305
fluconazole	wt	35uM	0.00521721681549112
fluconazole	wt	35uM	0.0166549613725294
fluconazole	wt	35uM	0.0153816757428107
fluconazole	wt	35uM	0.121333715486768
fluconazole	wt	35uM	0.080908951953941
fluconazole	ycf1∆yor1∆	35uM	0.0487260554212386
fluconazole	ycf1∆yor1∆	35uM	0.0298493583782779
fluconazole	ybt1∆yor1∆	35uM	0.0235141640436956
fluconazole	ybt1∆yor1∆	35uM	0.0430475837807813
fluconazole	ybt1∆ycf1∆	35uM	0.105929380413058
fluconazole	ybt1∆ycf1∆	35uM	0.0544398972113829
fluconazole	ybt1∆ycf1∆yor1∆	35uM	0.0482252369448058
fluconazole	ybt1∆ycf1∆yor1∆	35uM	0.151458836647463
fluconazole	snq2∆yor1∆	35uM	0.0837720947724709
fluconazole	snq2∆yor1∆	35uM	0.0794471605866867
fluconazole	snq2∆ycf1∆	35uM	0.0557044410413476
fluconazole	snq2∆ycf1∆	35uM	0.119831546707504
fluconazole	snq2∆ycf1∆yor1∆	35uM	0.0199329359165425
fluconazole	snq2∆ycf1∆yor1∆	35uM	0.0179769001490313
fluconazole	snq2∆ybt1∆	35uM	0.0200675349734684
fluconazole	snq2∆ybt1∆	35uM	0.0197780993728895
fluconazole	snq2∆ybt1∆yor1∆	35uM	0.2639030258166
fluconazole	snq2∆ybt1∆yor1∆	35uM	0.0807809752937911
fluconazole	snq2∆ybt1∆ycf1∆	35uM	0.0216671397483206
fluconazole	snq2∆ybt1∆ycf1∆	35uM	0.0305610748415176
fluconazole	snq2∆ybt1∆ycf1∆yor1∆	35uM	0.296615730758414
fluconazole	snq2∆ybt1∆ycf1∆yor1∆	35uM	0.65716696353239
fluconazole	pdr5∆yor1∆	35uM	0.0376727798355768
fluconazole	pdr5∆yor1∆	35uM	0.0348721655072726
fluconazole	pdr5∆ycf1∆	35uM	0.047985383209924
fluconazole	pdr5∆ycf1∆	35uM	0.0548129627848832
fluconazole	pdr5∆ycf1∆yor1∆	35uM	0.0177606884555525
fluconazole	pdr5∆ycf1∆yor1∆	35uM	0.0229790350636272
fluconazole	pdr5∆ybt1∆	35uM	0.0409356725146199
fluconazole	pdr5∆ybt1∆	35uM	0.0451641925326136
fluconazole	pdr5∆ybt1∆yor1∆	35uM	0.0442851892686512
fluconazole	pdr5∆ybt1∆yor1∆	35uM	0.0563212054391768
fluconazole	pdr5∆ybt1∆ycf1∆	35uM	0.046303211351755
fluconazole	pdr5∆ybt1∆ycf1∆	35uM	0.0449962658700523
fluconazole	pdr5∆ybt1∆ycf1∆yor1∆	35uM	0.0533945614982892
fluconazole	pdr5∆ybt1∆ycf1∆yor1∆	35uM	0.0323248694399424
fluconazole	pdr5∆snq2∆	35uM	0.0495624136342699
fluconazole	pdr5∆snq2∆	35uM	0.0311377245508982
fluconazole	pdr5∆snq2∆yor1∆	35uM	0.0420106402494955
fluconazole	pdr5∆snq2∆yor1∆	35uM	0.0313703907539901
fluconazole	pdr5∆snq2∆ycf1∆	35uM	0.0190305206463196
fluconazole	pdr5∆snq2∆ycf1∆	35uM	0.0322262118491921
fluconazole	pdr5∆snq2∆ybt1∆	35uM	0.0387137912188012
fluconazole	pdr5∆snq2∆ybt1∆	35uM	0.0282382947713609
fluconazole	pdr5∆snq2∆ybt1∆yor1∆	35uM	0.02448588358313
fluconazole	pdr5∆snq2∆ybt1∆yor1∆	35uM	0.0350296270477518
fluconazole	pdr5∆snq2∆ybt1∆ycf1∆	35uM	0.0354761022600963
fluconazole	pdr5∆snq2∆ybt1∆ycf1∆	35uM	0.0628936643201186
fluconazole	pdr5∆snq2∆ybt1∆ycf1∆yor1∆	35uM	0.0414691943127962
fluconazole	pdr5∆snq2∆ybt1∆ycf1∆yor1∆	35uM	0.038279256288735
fluconazole	pdr5∆	35uM	0.00544039020729763
fluconazole	pdr5∆	35uM	0.00750398649282431
fluconazole	pdr5∆snq2∆ycf1∆yor1∆	35uM	0.0175761479709211
fluconazole	ybt1∆	35uM	0.022431974784985
fluconazole	ybt1∆	35uM	0.00231361174912401
fluconazole	ybt1∆	35uM	0.00140828541251027
fluconazole	wt	40uM	0.0049673711892471
fluconazole	wt	40uM	0.0378883802473946
fluconazole	wt	40uM	0
fluconazole	wt	40uM	0.0343938091143594
fluconazole	wt	40uM	0.00812076048533487
fluconazole	wt	40uM	0.0456673354351772
fluconazole	wt	40uM	0.0346461507107556
fluconazole	ycf1∆yor1∆	40uM	0.00576923076923077
fluconazole	ycf1∆yor1∆	40uM	0.0407692307692308
fluconazole	ybt1∆yor1∆	40uM	0.0139893414541302
fluconazole	ybt1∆yor1∆	40uM	0.0168443090978302
fluconazole	ybt1∆ycf1∆	40uM	0.03583482231487
fluconazole	ybt1∆ycf1∆	40uM	0.167262259281318
fluconazole	ybt1∆ycf1∆yor1∆	40uM	0.0790796597061098
fluconazole	ybt1∆ycf1∆yor1∆	40uM	0.0913573085846868
fluconazole	snq2∆yor1∆	40uM	0.0652648284070621
fluconazole	snq2∆yor1∆	40uM	0.106030549494148
fluconazole	snq2∆ycf1∆	40uM	0.0643105446118192
fluconazole	snq2∆ycf1∆	40uM	0.0364040169949787
fluconazole	snq2∆ycf1∆yor1∆	40uM	0.0245533581733066
fluconazole	snq2∆ycf1∆yor1∆	40uM	0.0206362854686156
fluconazole	snq2∆ybt1∆	40uM	0.00704714640198512
fluconazole	snq2∆ybt1∆	40uM	0.0112158808933002
fluconazole	snq2∆ybt1∆yor1∆	40uM	0.0274261603375527
fluconazole	snq2∆ybt1∆yor1∆	40uM	0.106923667050249
fluconazole	snq2∆ybt1∆ycf1∆	40uM	0.00978980708321336
fluconazole	snq2∆ybt1∆ycf1∆	40uM	0.031001055763509
fluconazole	snq2∆ybt1∆ycf1∆yor1∆	40uM	0.216453071993969
fluconazole	snq2∆ybt1∆ycf1∆yor1∆	40uM	0.323972860912175
fluconazole	pdr5∆yor1∆	40uM	0.0325996099191975
fluconazole	pdr5∆yor1∆	40uM	0.0363146651806446
fluconazole	pdr5∆ycf1∆	40uM	0.0401463563370261
fluconazole	pdr5∆ycf1∆	40uM	0.0342514483179185
fluconazole	pdr5∆ycf1∆yor1∆	40uM	0.0498716042708474
fluconazole	pdr5∆ycf1∆yor1∆	40uM	0.0521692120556832
fluconazole	pdr5∆ybt1∆	40uM	0.0207178290049606
fluconazole	pdr5∆ybt1∆	40uM	0.0315144441202218
fluconazole	pdr5∆ybt1∆yor1∆	40uM	0.0538736367055284
fluconazole	pdr5∆ybt1∆yor1∆	40uM	0.0615833019932305
fluconazole	pdr5∆ybt1∆ycf1∆	40uM	0.032980532980533
fluconazole	pdr5∆ybt1∆ycf1∆	40uM	0.0360990360990361
fluconazole	pdr5∆ybt1∆ycf1∆yor1∆	40uM	0.0440758293838863
fluconazole	pdr5∆ybt1∆ycf1∆yor1∆	40uM	0.0414218009478673
fluconazole	pdr5∆snq2∆	40uM	0.0530891601923788
fluconazole	pdr5∆snq2∆	40uM	0.0370884202737699
fluconazole	pdr5∆snq2∆yor1∆	40uM	0.0750143157091048
fluconazole	pdr5∆snq2∆yor1∆	40uM	0.0674747089139149
fluconazole	pdr5∆snq2∆ycf1∆	40uM	0.0218889716840537
fluconazole	pdr5∆snq2∆ycf1∆	40uM	0.0217026825633383
fluconazole	pdr5∆snq2∆ybt1∆	40uM	0.0580846241027578
fluconazole	pdr5∆snq2∆ybt1∆	40uM	0.0417453721193804
fluconazole	pdr5∆snq2∆ybt1∆yor1∆	40uM	0.036016751977664
fluconazole	pdr5∆snq2∆ybt1∆yor1∆	40uM	0.0604001861330852
fluconazole	pdr5∆snq2∆ybt1∆ycf1∆	40uM	0.0465750846819721
fluconazole	pdr5∆snq2∆ybt1∆ycf1∆	40uM	0.057677832141513
fluconazole	pdr5∆snq2∆ybt1∆ycf1∆yor1∆	40uM	0.0509442653155228
fluconazole	pdr5∆snq2∆ybt1∆ycf1∆yor1∆	40uM	0.0538922155688623
fluconazole	pdr5∆	40uM	0.00544039020729763
fluconazole	pdr5∆	40uM	0.00553419003845792
fluconazole	pdr5∆	40uM	0.013882375011725
fluconazole	pdr5∆	40uM	0.0120063783885189
fluconazole	pdr5∆snq2∆ycf1∆yor1∆	40uM	0.0245697984724395
fluconazole	pdr5∆snq2∆ycf1∆yor1∆	40uM	0.0100303671666513
fluconazole	ybt1∆	40uM	0.0199171794055024
fluconazole	ybt1∆	40uM	0.0022130199339447
fluconazole	ybt1∆	40uM	0.000201183630358602
