PRIMER1	SEQ_PRIMER1	PRIMER2	SEQ_PRIMER2	LABEL	PLATE	TAG
P01_Us1	AATGATACGGCGACCACCGAGATCTACACTCTTTCCCTACACGACGCTCTTCCGATCTNNNNNCAAGTGTTCATGCCTTTGACGACCCGAGATG	P01_Us2	CAAGCAGAAGACGGCATACGAGATCGGTCTCGGCATTCCTGCTGAACCGCTCTTCCGATCTNNNNNCAAGTGTTCAGTGTGAGCCGAGGTTCTGAGG	T0_alpha	A	UP
P01_Us1	AATGATACGGCGACCACCGAGATCTACACTCTTTCCCTACACGACGCTCTTCCGATCTNNNNNCAAGTGTTCATGCCTTTGACGACCCGAGATG	P02_Us2	CAAGCAGAAGACGGCATACGAGATCGGTCTCGGCATTCCTGCTGAACCGCTCTTCCGATCTNNNNNNAGGACATTCAGTGTGAGCCGAGGTTCTGAGG	T0_A	A	UP
P01_Us1	AATGATACGGCGACCACCGAGATCTACACTCTTTCCCTACACGACGCTCTTCCGATCTNNNNNCAAGTGTTCATGCCTTTGACGACCCGAGATG	P03_Us2	CAAGCAGAAGACGGCATACGAGATCGGTCTCGGCATTCCTGCTGAACCGCTCTTCCGATCTNNNNNNNCACTAATGGAGTGTGAGCCGAGGTTCTGAGG	alpha5_CTRL	A	UP
P01_Us1	AATGATACGGCGACCACCGAGATCTACACTCTTTCCCTACACGACGCTCTTCCGATCTNNNNNCAAGTGTTCATGCCTTTGACGACCCGAGATG	P04_Us2	CAAGCAGAAGACGGCATACGAGATCGGTCTCGGCATTCCTGCTGAACCGCTCTTCCGATCTNNNNNAGCCTGATGAGTGTGAGCCGAGGTTCTGAGG	alpha5_ITRAC	A	UP
P01_Us1	AATGATACGGCGACCACCGAGATCTACACTCTTTCCCTACACGACGCTCTTCCGATCTNNNNNCAAGTGTTCATGCCTTTGACGACCCGAGATG	P05_Us2	CAAGCAGAAGACGGCATACGAGATCGGTCTCGGCATTCCTGCTGAACCGCTCTTCCGATCTNNNNNNTTACGCTAAAGTGTGAGCCGAGGTTCTGAGG	alpha5_cycloh	A	UP
P01_Us1	AATGATACGGCGACCACCGAGATCTACACTCTTTCCCTACACGACGCTCTTCCGATCTNNNNNCAAGTGTTCATGCCTTTGACGACCCGAGATG	P06_Us2	CAAGCAGAAGACGGCATACGAGATCGGTCTCGGCATTCCTGCTGAACCGCTCTTCCGATCTNNNNNNNACTCTCCGTAGTGTGAGCCGAGGTTCTGAGG	alpha5_Tamox	A	UP
P01_Us1	AATGATACGGCGACCACCGAGATCTACACTCTTTCCCTACACGACGCTCTTCCGATCTNNNNNCAAGTGTTCATGCCTTTGACGACCCGAGATG	P07_Us2	CAAGCAGAAGACGGCATACGAGATCGGTCTCGGCATTCCTGCTGAACCGCTCTTCCGATCTNNNNNGTCGATGCAAGTGTGAGCCGAGGTTCTGAGG	alpha5_Fluc	A	UP
P01_Us1	AATGATACGGCGACCACCGAGATCTACACTCTTTCCCTACACGACGCTCTTCCGATCTNNNNNCAAGTGTTCATGCCTTTGACGACCCGAGATG	P08_Us2	CAAGCAGAAGACGGCATACGAGATCGGTCTCGGCATTCCTGCTGAACCGCTCTTCCGATCTNNNNNNACGGGAATTAGTGTGAGCCGAGGTTCTGAGG	alpha5_MTX	A	UP
P01_Us1	AATGATACGGCGACCACCGAGATCTACACTCTTTCCCTACACGACGCTCTTCCGATCTNNNNNCAAGTGTTCATGCCTTTGACGACCCGAGATG	P09_Us2	CAAGCAGAAGACGGCATACGAGATCGGTCTCGGCATTCCTGCTGAACCGCTCTTCCGATCTNNNNNNNCGCGCCCAGAGTGTGAGCCGAGGTTCTGAGG	alpha15_CTRL	A	UP
P01_Us1	AATGATACGGCGACCACCGAGATCTACACTCTTTCCCTACACGACGCTCTTCCGATCTNNNNNCAAGTGTTCATGCCTTTGACGACCCGAGATG	P10_Us2	CAAGCAGAAGACGGCATACGAGATCGGTCTCGGCATTCCTGCTGAACCGCTCTTCCGATCTNNNNNACTAGTTTGAGTGTGAGCCGAGGTTCTGAGG	alpha15_ITRAC	A	UP
P01_Us1	AATGATACGGCGACCACCGAGATCTACACTCTTTCCCTACACGACGCTCTTCCGATCTNNNNNCAAGTGTTCATGCCTTTGACGACCCGAGATG	P11_Us2	CAAGCAGAAGACGGCATACGAGATCGGTCTCGGCATTCCTGCTGAACCGCTCTTCCGATCTNNNNNNAGTATTACAAGTGTGAGCCGAGGTTCTGAGG	alpha15_cycloh	A	UP
P01_Us1	AATGATACGGCGACCACCGAGATCTACACTCTTTCCCTACACGACGCTCTTCCGATCTNNNNNCAAGTGTTCATGCCTTTGACGACCCGAGATG	P12_Us2	CAAGCAGAAGACGGCATACGAGATCGGTCTCGGCATTCCTGCTGAACCGCTCTTCCGATCTNNNNNNNAGGTTGGGTAGTGTGAGCCGAGGTTCTGAGG	alpha15_Tamox	A	UP
P02_Us1	AATGATACGGCGACCACCGAGATCTACACTCTTTCCCTACACGACGCTCTTCCGATCTNNNNNNAGGACATTCATGCCTTTGACGACCCGAGATG	P01_Us2	CAAGCAGAAGACGGCATACGAGATCGGTCTCGGCATTCCTGCTGAACCGCTCTTCCGATCTNNNNNCAAGTGTTCAGTGTGAGCCGAGGTTCTGAGG	alpha15_fluc	A	UP
P02_Us1	AATGATACGGCGACCACCGAGATCTACACTCTTTCCCTACACGACGCTCTTCCGATCTNNNNNNAGGACATTCATGCCTTTGACGACCCGAGATG	P02_Us2	CAAGCAGAAGACGGCATACGAGATCGGTCTCGGCATTCCTGCTGAACCGCTCTTCCGATCTNNNNNNAGGACATTCAGTGTGAGCCGAGGTTCTGAGG	alpha15_MTX	A	UP
P02_Us1	AATGATACGGCGACCACCGAGATCTACACTCTTTCCCTACACGACGCTCTTCCGATCTNNNNNNAGGACATTCATGCCTTTGACGACCCGAGATG	P03_Us2	CAAGCAGAAGACGGCATACGAGATCGGTCTCGGCATTCCTGCTGAACCGCTCTTCCGATCTNNNNNNNCACTAATGGAGTGTGAGCCGAGGTTCTGAGG	A5_CTRL	A	UP
P02_Us1	AATGATACGGCGACCACCGAGATCTACACTCTTTCCCTACACGACGCTCTTCCGATCTNNNNNNAGGACATTCATGCCTTTGACGACCCGAGATG	P04_Us2	CAAGCAGAAGACGGCATACGAGATCGGTCTCGGCATTCCTGCTGAACCGCTCTTCCGATCTNNNNNAGCCTGATGAGTGTGAGCCGAGGTTCTGAGG	A5_ITRAC	A	UP
P02_Us1	AATGATACGGCGACCACCGAGATCTACACTCTTTCCCTACACGACGCTCTTCCGATCTNNNNNNAGGACATTCATGCCTTTGACGACCCGAGATG	P05_Us2	CAAGCAGAAGACGGCATACGAGATCGGTCTCGGCATTCCTGCTGAACCGCTCTTCCGATCTNNNNNNTTACGCTAAAGTGTGAGCCGAGGTTCTGAGG	A5_cycloh	A	UP
P02_Us1	AATGATACGGCGACCACCGAGATCTACACTCTTTCCCTACACGACGCTCTTCCGATCTNNNNNNAGGACATTCATGCCTTTGACGACCCGAGATG	P06_Us2	CAAGCAGAAGACGGCATACGAGATCGGTCTCGGCATTCCTGCTGAACCGCTCTTCCGATCTNNNNNNNACTCTCCGTAGTGTGAGCCGAGGTTCTGAGG	A5_Tamox	A	UP
P02_Us1	AATGATACGGCGACCACCGAGATCTACACTCTTTCCCTACACGACGCTCTTCCGATCTNNNNNNAGGACATTCATGCCTTTGACGACCCGAGATG	P07_Us2	CAAGCAGAAGACGGCATACGAGATCGGTCTCGGCATTCCTGCTGAACCGCTCTTCCGATCTNNNNNGTCGATGCAAGTGTGAGCCGAGGTTCTGAGG	A5_fluc	A	UP
P02_Us1	AATGATACGGCGACCACCGAGATCTACACTCTTTCCCTACACGACGCTCTTCCGATCTNNNNNNAGGACATTCATGCCTTTGACGACCCGAGATG	P08_Us2	CAAGCAGAAGACGGCATACGAGATCGGTCTCGGCATTCCTGCTGAACCGCTCTTCCGATCTNNNNNNACGGGAATTAGTGTGAGCCGAGGTTCTGAGG	A5_MTX	A	UP
P02_Us1	AATGATACGGCGACCACCGAGATCTACACTCTTTCCCTACACGACGCTCTTCCGATCTNNNNNNAGGACATTCATGCCTTTGACGACCCGAGATG	P09_Us2	CAAGCAGAAGACGGCATACGAGATCGGTCTCGGCATTCCTGCTGAACCGCTCTTCCGATCTNNNNNNNCGCGCCCAGAGTGTGAGCCGAGGTTCTGAGG	A15_CTRL	A	UP
P02_Us1	AATGATACGGCGACCACCGAGATCTACACTCTTTCCCTACACGACGCTCTTCCGATCTNNNNNNAGGACATTCATGCCTTTGACGACCCGAGATG	P10_Us2	CAAGCAGAAGACGGCATACGAGATCGGTCTCGGCATTCCTGCTGAACCGCTCTTCCGATCTNNNNNACTAGTTTGAGTGTGAGCCGAGGTTCTGAGG	A15_ITRAC	A	UP
P02_Us1	AATGATACGGCGACCACCGAGATCTACACTCTTTCCCTACACGACGCTCTTCCGATCTNNNNNNAGGACATTCATGCCTTTGACGACCCGAGATG	P11_Us2	CAAGCAGAAGACGGCATACGAGATCGGTCTCGGCATTCCTGCTGAACCGCTCTTCCGATCTNNNNNNAGTATTACAAGTGTGAGCCGAGGTTCTGAGG	A15_cycloh	A	UP
P02_Us1	AATGATACGGCGACCACCGAGATCTACACTCTTTCCCTACACGACGCTCTTCCGATCTNNNNNNAGGACATTCATGCCTTTGACGACCCGAGATG	P12_Us2	CAAGCAGAAGACGGCATACGAGATCGGTCTCGGCATTCCTGCTGAACCGCTCTTCCGATCTNNNNNNNAGGTTGGGTAGTGTGAGCCGAGGTTCTGAGG	A15_Tamox	A	UP
P03_Us1	AATGATACGGCGACCACCGAGATCTACACTCTTTCCCTACACGACGCTCTTCCGATCTNNNNNNNCACTAATGGATGCCTTTGACGACCCGAGATG	P01_Us2	CAAGCAGAAGACGGCATACGAGATCGGTCTCGGCATTCCTGCTGAACCGCTCTTCCGATCTNNNNNCAAGTGTTCAGTGTGAGCCGAGGTTCTGAGG	A15_fluc	A	UP
P03_Us1	AATGATACGGCGACCACCGAGATCTACACTCTTTCCCTACACGACGCTCTTCCGATCTNNNNNNNCACTAATGGATGCCTTTGACGACCCGAGATG	P02_Us2	CAAGCAGAAGACGGCATACGAGATCGGTCTCGGCATTCCTGCTGAACCGCTCTTCCGATCTNNNNNNAGGACATTCAGTGTGAGCCGAGGTTCTGAGG	A15_MTX	A	UP
P03_Us1	AATGATACGGCGACCACCGAGATCTACACTCTTTCCCTACACGACGCTCTTCCGATCTNNNNNNNCACTAATGGATGCCTTTGACGACCCGAGATG	P03_Us2	CAAGCAGAAGACGGCATACGAGATCGGTCTCGGCATTCCTGCTGAACCGCTCTTCCGATCTNNNNNNNCACTAATGGAGTGTGAGCCGAGGTTCTGAGG	alpha5_CTRL2	A	UP
P03_Us1	AATGATACGGCGACCACCGAGATCTACACTCTTTCCCTACACGACGCTCTTCCGATCTNNNNNNNCACTAATGGATGCCTTTGACGACCCGAGATG	P04_Us2	CAAGCAGAAGACGGCATACGAGATCGGTCTCGGCATTCCTGCTGAACCGCTCTTCCGATCTNNNNNAGCCTGATGAGTGTGAGCCGAGGTTCTGAGG	alpha5_beauv	A	UP
P03_Us1	AATGATACGGCGACCACCGAGATCTACACTCTTTCCCTACACGACGCTCTTCCGATCTNNNNNNNCACTAATGGATGCCTTTGACGACCCGAGATG	P05_Us2	CAAGCAGAAGACGGCATACGAGATCGGTCTCGGCATTCCTGCTGAACCGCTCTTCCGATCTNNNNNNTTACGCTAAAGTGTGAGCCGAGGTTCTGAGG	alpha5_cispl	A	UP
P03_Us1	AATGATACGGCGACCACCGAGATCTACACTCTTTCCCTACACGACGCTCTTCCGATCTNNNNNNNCACTAATGGATGCCTTTGACGACCCGAGATG	P06_Us2	CAAGCAGAAGACGGCATACGAGATCGGTCTCGGCATTCCTGCTGAACCGCTCTTCCGATCTNNNNNNNACTCTCCGTAGTGTGAGCCGAGGTTCTGAGG	alpha5_camptoth	A	UP
P03_Us1	AATGATACGGCGACCACCGAGATCTACACTCTTTCCCTACACGACGCTCTTCCGATCTNNNNNNNCACTAATGGATGCCTTTGACGACCCGAGATG	P07_Us2	CAAGCAGAAGACGGCATACGAGATCGGTCTCGGCATTCCTGCTGAACCGCTCTTCCGATCTNNNNNGTCGATGCAAGTGTGAGCCGAGGTTCTGAGG	alpha5_ketoc	A	UP
P03_Us1	AATGATACGGCGACCACCGAGATCTACACTCTTTCCCTACACGACGCTCTTCCGATCTNNNNNNNCACTAATGGATGCCTTTGACGACCCGAGATG	P08_Us2	CAAGCAGAAGACGGCATACGAGATCGGTCTCGGCATTCCTGCTGAACCGCTCTTCCGATCTNNNNNNACGGGAATTAGTGTGAGCCGAGGTTCTGAGG	alpha5_bisantr	A	UP
P03_Us1	AATGATACGGCGACCACCGAGATCTACACTCTTTCCCTACACGACGCTCTTCCGATCTNNNNNNNCACTAATGGATGCCTTTGACGACCCGAGATG	P09_Us2	CAAGCAGAAGACGGCATACGAGATCGGTCTCGGCATTCCTGCTGAACCGCTCTTCCGATCTNNNNNNNCGCGCCCAGAGTGTGAGCCGAGGTTCTGAGG	alpha15_CTRL2	A	UP
P03_Us1	AATGATACGGCGACCACCGAGATCTACACTCTTTCCCTACACGACGCTCTTCCGATCTNNNNNNNCACTAATGGATGCCTTTGACGACCCGAGATG	P10_Us2	CAAGCAGAAGACGGCATACGAGATCGGTCTCGGCATTCCTGCTGAACCGCTCTTCCGATCTNNNNNACTAGTTTGAGTGTGAGCCGAGGTTCTGAGG	alpha15_beauv	A	UP
P03_Us1	AATGATACGGCGACCACCGAGATCTACACTCTTTCCCTACACGACGCTCTTCCGATCTNNNNNNNCACTAATGGATGCCTTTGACGACCCGAGATG	P11_Us2	CAAGCAGAAGACGGCATACGAGATCGGTCTCGGCATTCCTGCTGAACCGCTCTTCCGATCTNNNNNNAGTATTACAAGTGTGAGCCGAGGTTCTGAGG	alpha15_cispl	A	UP
P03_Us1	AATGATACGGCGACCACCGAGATCTACACTCTTTCCCTACACGACGCTCTTCCGATCTNNNNNNNCACTAATGGATGCCTTTGACGACCCGAGATG	P12_Us2	CAAGCAGAAGACGGCATACGAGATCGGTCTCGGCATTCCTGCTGAACCGCTCTTCCGATCTNNNNNNNAGGTTGGGTAGTGTGAGCCGAGGTTCTGAGG	alpha15_camptoth	A	UP
P04_Us1	AATGATACGGCGACCACCGAGATCTACACTCTTTCCCTACACGACGCTCTTCCGATCTNNNNNAGCCTGATGATGCCTTTGACGACCCGAGATG	P01_Us2	CAAGCAGAAGACGGCATACGAGATCGGTCTCGGCATTCCTGCTGAACCGCTCTTCCGATCTNNNNNCAAGTGTTCAGTGTGAGCCGAGGTTCTGAGG	alpha15_ketoc	A	UP
P04_Us1	AATGATACGGCGACCACCGAGATCTACACTCTTTCCCTACACGACGCTCTTCCGATCTNNNNNAGCCTGATGATGCCTTTGACGACCCGAGATG	P02_Us2	CAAGCAGAAGACGGCATACGAGATCGGTCTCGGCATTCCTGCTGAACCGCTCTTCCGATCTNNNNNNAGGACATTCAGTGTGAGCCGAGGTTCTGAGG	alpha15_bisantr	A	UP
P04_Us1	AATGATACGGCGACCACCGAGATCTACACTCTTTCCCTACACGACGCTCTTCCGATCTNNNNNAGCCTGATGATGCCTTTGACGACCCGAGATG	P03_Us2	CAAGCAGAAGACGGCATACGAGATCGGTCTCGGCATTCCTGCTGAACCGCTCTTCCGATCTNNNNNNNCACTAATGGAGTGTGAGCCGAGGTTCTGAGG	A5_CTRL2	A	UP
P04_Us1	AATGATACGGCGACCACCGAGATCTACACTCTTTCCCTACACGACGCTCTTCCGATCTNNNNNAGCCTGATGATGCCTTTGACGACCCGAGATG	P04_Us2	CAAGCAGAAGACGGCATACGAGATCGGTCTCGGCATTCCTGCTGAACCGCTCTTCCGATCTNNNNNAGCCTGATGAGTGTGAGCCGAGGTTCTGAGG	A5_beauv	A	UP
P04_Us1	AATGATACGGCGACCACCGAGATCTACACTCTTTCCCTACACGACGCTCTTCCGATCTNNNNNAGCCTGATGATGCCTTTGACGACCCGAGATG	P05_Us2	CAAGCAGAAGACGGCATACGAGATCGGTCTCGGCATTCCTGCTGAACCGCTCTTCCGATCTNNNNNNTTACGCTAAAGTGTGAGCCGAGGTTCTGAGG	A5_cispl	A	UP
P04_Us1	AATGATACGGCGACCACCGAGATCTACACTCTTTCCCTACACGACGCTCTTCCGATCTNNNNNAGCCTGATGATGCCTTTGACGACCCGAGATG	P06_Us2	CAAGCAGAAGACGGCATACGAGATCGGTCTCGGCATTCCTGCTGAACCGCTCTTCCGATCTNNNNNNNACTCTCCGTAGTGTGAGCCGAGGTTCTGAGG	A5_camptoth	A	UP
P04_Us1	AATGATACGGCGACCACCGAGATCTACACTCTTTCCCTACACGACGCTCTTCCGATCTNNNNNAGCCTGATGATGCCTTTGACGACCCGAGATG	P07_Us2	CAAGCAGAAGACGGCATACGAGATCGGTCTCGGCATTCCTGCTGAACCGCTCTTCCGATCTNNNNNGTCGATGCAAGTGTGAGCCGAGGTTCTGAGG	A5_ketoc	A	UP
P04_Us1	AATGATACGGCGACCACCGAGATCTACACTCTTTCCCTACACGACGCTCTTCCGATCTNNNNNAGCCTGATGATGCCTTTGACGACCCGAGATG	P08_Us2	CAAGCAGAAGACGGCATACGAGATCGGTCTCGGCATTCCTGCTGAACCGCTCTTCCGATCTNNNNNNACGGGAATTAGTGTGAGCCGAGGTTCTGAGG	A5_bisantr	A	UP
P04_Us1	AATGATACGGCGACCACCGAGATCTACACTCTTTCCCTACACGACGCTCTTCCGATCTNNNNNAGCCTGATGATGCCTTTGACGACCCGAGATG	P09_Us2	CAAGCAGAAGACGGCATACGAGATCGGTCTCGGCATTCCTGCTGAACCGCTCTTCCGATCTNNNNNNNCGCGCCCAGAGTGTGAGCCGAGGTTCTGAGG	A15_CTRL2	A	UP
P04_Us1	AATGATACGGCGACCACCGAGATCTACACTCTTTCCCTACACGACGCTCTTCCGATCTNNNNNAGCCTGATGATGCCTTTGACGACCCGAGATG	P10_Us2	CAAGCAGAAGACGGCATACGAGATCGGTCTCGGCATTCCTGCTGAACCGCTCTTCCGATCTNNNNNACTAGTTTGAGTGTGAGCCGAGGTTCTGAGG	A15_beauv	A	UP
P04_Us1	AATGATACGGCGACCACCGAGATCTACACTCTTTCCCTACACGACGCTCTTCCGATCTNNNNNAGCCTGATGATGCCTTTGACGACCCGAGATG	P11_Us2	CAAGCAGAAGACGGCATACGAGATCGGTCTCGGCATTCCTGCTGAACCGCTCTTCCGATCTNNNNNNAGTATTACAAGTGTGAGCCGAGGTTCTGAGG	A15_cispl	A	UP
P04_Us1	AATGATACGGCGACCACCGAGATCTACACTCTTTCCCTACACGACGCTCTTCCGATCTNNNNNAGCCTGATGATGCCTTTGACGACCCGAGATG	P12_Us2	CAAGCAGAAGACGGCATACGAGATCGGTCTCGGCATTCCTGCTGAACCGCTCTTCCGATCTNNNNNNNAGGTTGGGTAGTGTGAGCCGAGGTTCTGAGG	A15_camptoth	A	UP
P05_Us1	AATGATACGGCGACCACCGAGATCTACACTCTTTCCCTACACGACGCTCTTCCGATCTNNNNNNTTACGCTAAATGCCTTTGACGACCCGAGATG	P01_Us2	CAAGCAGAAGACGGCATACGAGATCGGTCTCGGCATTCCTGCTGAACCGCTCTTCCGATCTNNNNNCAAGTGTTCAGTGTGAGCCGAGGTTCTGAGG	A15_ketoc	A	UP
P05_Us1	AATGATACGGCGACCACCGAGATCTACACTCTTTCCCTACACGACGCTCTTCCGATCTNNNNNNTTACGCTAAATGCCTTTGACGACCCGAGATG	P02_Us2	CAAGCAGAAGACGGCATACGAGATCGGTCTCGGCATTCCTGCTGAACCGCTCTTCCGATCTNNNNNNAGGACATTCAGTGTGAGCCGAGGTTCTGAGG	A15_bisantr	A	UP
P05_Us1	AATGATACGGCGACCACCGAGATCTACACTCTTTCCCTACACGACGCTCTTCCGATCTNNNNNNTTACGCTAAATGCCTTTGACGACCCGAGATG	P03_Us2	CAAGCAGAAGACGGCATACGAGATCGGTCTCGGCATTCCTGCTGAACCGCTCTTCCGATCTNNNNNNNCACTAATGGAGTGTGAGCCGAGGTTCTGAGG	alpha5_CTRL3	A	UP
P05_Us1	AATGATACGGCGACCACCGAGATCTACACTCTTTCCCTACACGACGCTCTTCCGATCTNNNNNNTTACGCTAAATGCCTTTGACGACCCGAGATG	P04_Us2	CAAGCAGAAGACGGCATACGAGATCGGTCTCGGCATTCCTGCTGAACCGCTCTTCCGATCTNNNNNAGCCTGATGAGTGTGAGCCGAGGTTCTGAGG	alpha5_colch	A	UP
P05_Us1	AATGATACGGCGACCACCGAGATCTACACTCTTTCCCTACACGACGCTCTTCCGATCTNNNNNNTTACGCTAAATGCCTTTGACGACCCGAGATG	P05_Us2	CAAGCAGAAGACGGCATACGAGATCGGTCTCGGCATTCCTGCTGAACCGCTCTTCCGATCTNNNNNNTTACGCTAAAGTGTGAGCCGAGGTTCTGAGG	alpha5_imat	A	UP
P05_Us1	AATGATACGGCGACCACCGAGATCTACACTCTTTCCCTACACGACGCTCTTCCGATCTNNNNNNTTACGCTAAATGCCTTTGACGACCCGAGATG	P06_Us2	CAAGCAGAAGACGGCATACGAGATCGGTCTCGGCATTCCTGCTGAACCGCTCTTCCGATCTNNNNNNNACTCTCCGTAGTGTGAGCCGAGGTTCTGAGG	alpha5_mitox	A	UP
P05_Us1	AATGATACGGCGACCACCGAGATCTACACTCTTTCCCTACACGACGCTCTTCCGATCTNNNNNNTTACGCTAAATGCCTTTGACGACCCGAGATG	P07_Us2	CAAGCAGAAGACGGCATACGAGATCGGTCTCGGCATTCCTGCTGAACCGCTCTTCCGATCTNNNNNGTCGATGCAAGTGTGAGCCGAGGTTCTGAGG	alpha5_micon	A	UP
P05_Us1	AATGATACGGCGACCACCGAGATCTACACTCTTTCCCTACACGACGCTCTTCCGATCTNNNNNNTTACGCTAAATGCCTTTGACGACCCGAGATG	P08_Us2	CAAGCAGAAGACGGCATACGAGATCGGTCTCGGCATTCCTGCTGAACCGCTCTTCCGATCTNNNNNNACGGGAATTAGTGTGAGCCGAGGTTCTGAGG	alpha5_valin	A	UP
P05_Us1	AATGATACGGCGACCACCGAGATCTACACTCTTTCCCTACACGACGCTCTTCCGATCTNNNNNNTTACGCTAAATGCCTTTGACGACCCGAGATG	P09_Us2	CAAGCAGAAGACGGCATACGAGATCGGTCTCGGCATTCCTGCTGAACCGCTCTTCCGATCTNNNNNNNCGCGCCCAGAGTGTGAGCCGAGGTTCTGAGG	alpha5_benom	A	UP
P05_Us1	AATGATACGGCGACCACCGAGATCTACACTCTTTCCCTACACGACGCTCTTCCGATCTNNNNNNTTACGCTAAATGCCTTTGACGACCCGAGATG	P10_Us2	CAAGCAGAAGACGGCATACGAGATCGGTCTCGGCATTCCTGCTGAACCGCTCTTCCGATCTNNNNNACTAGTTTGAGTGTGAGCCGAGGTTCTGAGG	alpha15_CTRL3	A	UP
P05_Us1	AATGATACGGCGACCACCGAGATCTACACTCTTTCCCTACACGACGCTCTTCCGATCTNNNNNNTTACGCTAAATGCCTTTGACGACCCGAGATG	P11_Us2	CAAGCAGAAGACGGCATACGAGATCGGTCTCGGCATTCCTGCTGAACCGCTCTTCCGATCTNNNNNNAGTATTACAAGTGTGAGCCGAGGTTCTGAGG	alpha15_colch	A	UP
P05_Us1	AATGATACGGCGACCACCGAGATCTACACTCTTTCCCTACACGACGCTCTTCCGATCTNNNNNNTTACGCTAAATGCCTTTGACGACCCGAGATG	P12_Us2	CAAGCAGAAGACGGCATACGAGATCGGTCTCGGCATTCCTGCTGAACCGCTCTTCCGATCTNNNNNNNAGGTTGGGTAGTGTGAGCCGAGGTTCTGAGG	alpha15_imat	A	UP
P06_Us1	AATGATACGGCGACCACCGAGATCTACACTCTTTCCCTACACGACGCTCTTCCGATCTNNNNNNNACTCTCCGTATGCCTTTGACGACCCGAGATG	P01_Us2	CAAGCAGAAGACGGCATACGAGATCGGTCTCGGCATTCCTGCTGAACCGCTCTTCCGATCTNNNNNCAAGTGTTCAGTGTGAGCCGAGGTTCTGAGG	alpha15_mitox	A	UP
P06_Us1	AATGATACGGCGACCACCGAGATCTACACTCTTTCCCTACACGACGCTCTTCCGATCTNNNNNNNACTCTCCGTATGCCTTTGACGACCCGAGATG	P02_Us2	CAAGCAGAAGACGGCATACGAGATCGGTCTCGGCATTCCTGCTGAACCGCTCTTCCGATCTNNNNNNAGGACATTCAGTGTGAGCCGAGGTTCTGAGG	alpha15_micon	A	UP
P06_Us1	AATGATACGGCGACCACCGAGATCTACACTCTTTCCCTACACGACGCTCTTCCGATCTNNNNNNNACTCTCCGTATGCCTTTGACGACCCGAGATG	P03_Us2	CAAGCAGAAGACGGCATACGAGATCGGTCTCGGCATTCCTGCTGAACCGCTCTTCCGATCTNNNNNNNCACTAATGGAGTGTGAGCCGAGGTTCTGAGG	alpha15_valin	A	UP
P06_Us1	AATGATACGGCGACCACCGAGATCTACACTCTTTCCCTACACGACGCTCTTCCGATCTNNNNNNNACTCTCCGTATGCCTTTGACGACCCGAGATG	P04_Us2	CAAGCAGAAGACGGCATACGAGATCGGTCTCGGCATTCCTGCTGAACCGCTCTTCCGATCTNNNNNAGCCTGATGAGTGTGAGCCGAGGTTCTGAGG	alpha15_benom	A	UP
P06_Us1	AATGATACGGCGACCACCGAGATCTACACTCTTTCCCTACACGACGCTCTTCCGATCTNNNNNNNACTCTCCGTATGCCTTTGACGACCCGAGATG	P05_Us2	CAAGCAGAAGACGGCATACGAGATCGGTCTCGGCATTCCTGCTGAACCGCTCTTCCGATCTNNNNNNTTACGCTAAAGTGTGAGCCGAGGTTCTGAGG	A5_CTRL3	A	UP
P06_Us1	AATGATACGGCGACCACCGAGATCTACACTCTTTCCCTACACGACGCTCTTCCGATCTNNNNNNNACTCTCCGTATGCCTTTGACGACCCGAGATG	P06_Us2	CAAGCAGAAGACGGCATACGAGATCGGTCTCGGCATTCCTGCTGAACCGCTCTTCCGATCTNNNNNNNACTCTCCGTAGTGTGAGCCGAGGTTCTGAGG	A5_colch	A	UP
P06_Us1	AATGATACGGCGACCACCGAGATCTACACTCTTTCCCTACACGACGCTCTTCCGATCTNNNNNNNACTCTCCGTATGCCTTTGACGACCCGAGATG	P07_Us2	CAAGCAGAAGACGGCATACGAGATCGGTCTCGGCATTCCTGCTGAACCGCTCTTCCGATCTNNNNNGTCGATGCAAGTGTGAGCCGAGGTTCTGAGG	A5_imat	A	UP
P06_Us1	AATGATACGGCGACCACCGAGATCTACACTCTTTCCCTACACGACGCTCTTCCGATCTNNNNNNNACTCTCCGTATGCCTTTGACGACCCGAGATG	P08_Us2	CAAGCAGAAGACGGCATACGAGATCGGTCTCGGCATTCCTGCTGAACCGCTCTTCCGATCTNNNNNNACGGGAATTAGTGTGAGCCGAGGTTCTGAGG	A5_mitox	A	UP
P06_Us1	AATGATACGGCGACCACCGAGATCTACACTCTTTCCCTACACGACGCTCTTCCGATCTNNNNNNNACTCTCCGTATGCCTTTGACGACCCGAGATG	P09_Us2	CAAGCAGAAGACGGCATACGAGATCGGTCTCGGCATTCCTGCTGAACCGCTCTTCCGATCTNNNNNNNCGCGCCCAGAGTGTGAGCCGAGGTTCTGAGG	A5_micon	A	UP
P06_Us1	AATGATACGGCGACCACCGAGATCTACACTCTTTCCCTACACGACGCTCTTCCGATCTNNNNNNNACTCTCCGTATGCCTTTGACGACCCGAGATG	P10_Us2	CAAGCAGAAGACGGCATACGAGATCGGTCTCGGCATTCCTGCTGAACCGCTCTTCCGATCTNNNNNACTAGTTTGAGTGTGAGCCGAGGTTCTGAGG	A5_valin	A	UP
P06_Us1	AATGATACGGCGACCACCGAGATCTACACTCTTTCCCTACACGACGCTCTTCCGATCTNNNNNNNACTCTCCGTATGCCTTTGACGACCCGAGATG	P11_Us2	CAAGCAGAAGACGGCATACGAGATCGGTCTCGGCATTCCTGCTGAACCGCTCTTCCGATCTNNNNNNAGTATTACAAGTGTGAGCCGAGGTTCTGAGG	A5_benom	A	UP
P06_Us1	AATGATACGGCGACCACCGAGATCTACACTCTTTCCCTACACGACGCTCTTCCGATCTNNNNNNNACTCTCCGTATGCCTTTGACGACCCGAGATG	P12_Us2	CAAGCAGAAGACGGCATACGAGATCGGTCTCGGCATTCCTGCTGAACCGCTCTTCCGATCTNNNNNNNAGGTTGGGTAGTGTGAGCCGAGGTTCTGAGG	A15_CTRL3	A	UP
P07_Us1	AATGATACGGCGACCACCGAGATCTACACTCTTTCCCTACACGACGCTCTTCCGATCTNNNNNGTCGATGCAATGCCTTTGACGACCCGAGATG	P07_Us2	CAAGCAGAAGACGGCATACGAGATCGGTCTCGGCATTCCTGCTGAACCGCTCTTCCGATCTNNNNNGTCGATGCAAGTGTGAGCCGAGGTTCTGAGG	A15_colch	A	UP
P07_Us1	AATGATACGGCGACCACCGAGATCTACACTCTTTCCCTACACGACGCTCTTCCGATCTNNNNNGTCGATGCAATGCCTTTGACGACCCGAGATG	P08_Us2	CAAGCAGAAGACGGCATACGAGATCGGTCTCGGCATTCCTGCTGAACCGCTCTTCCGATCTNNNNNNACGGGAATTAGTGTGAGCCGAGGTTCTGAGG	A15_imat	A	UP
P07_Us1	AATGATACGGCGACCACCGAGATCTACACTCTTTCCCTACACGACGCTCTTCCGATCTNNNNNGTCGATGCAATGCCTTTGACGACCCGAGATG	P09_Us2	CAAGCAGAAGACGGCATACGAGATCGGTCTCGGCATTCCTGCTGAACCGCTCTTCCGATCTNNNNNNNCGCGCCCAGAGTGTGAGCCGAGGTTCTGAGG	A15_mitox	A	UP
P07_Us1	AATGATACGGCGACCACCGAGATCTACACTCTTTCCCTACACGACGCTCTTCCGATCTNNNNNGTCGATGCAATGCCTTTGACGACCCGAGATG	P10_Us2	CAAGCAGAAGACGGCATACGAGATCGGTCTCGGCATTCCTGCTGAACCGCTCTTCCGATCTNNNNNACTAGTTTGAGTGTGAGCCGAGGTTCTGAGG	A15_micon	A	UP
P07_Us1	AATGATACGGCGACCACCGAGATCTACACTCTTTCCCTACACGACGCTCTTCCGATCTNNNNNGTCGATGCAATGCCTTTGACGACCCGAGATG	P11_Us2	CAAGCAGAAGACGGCATACGAGATCGGTCTCGGCATTCCTGCTGAACCGCTCTTCCGATCTNNNNNNAGTATTACAAGTGTGAGCCGAGGTTCTGAGG	A15_valin	A	UP
P07_Us1	AATGATACGGCGACCACCGAGATCTACACTCTTTCCCTACACGACGCTCTTCCGATCTNNNNNGTCGATGCAATGCCTTTGACGACCCGAGATG	P12_Us2	CAAGCAGAAGACGGCATACGAGATCGGTCTCGGCATTCCTGCTGAACCGCTCTTCCGATCTNNNNNNNAGGTTGGGTAGTGTGAGCCGAGGTTCTGAGG	A15_benom	A	UP
P01_Ds1	AATGATACGGCGACCACCGAGATCTACACTCTTTCCCTACACGACGCTCTTCCGATCTNNNNNCAAGTGTTCGAATCCCGACTGCCGTGGTTAG	P01_Ds2	CAAGCAGAAGACGGCATACGAGATCGGTCTCGGCATTCCTGCTGAACCGCTCTTCCGATCTNNNNNCAAGTGTTCGCGTATGGTGCGAGTATCAGCG	T0_alpha_1	C	DN
P01_Ds1	AATGATACGGCGACCACCGAGATCTACACTCTTTCCCTACACGACGCTCTTCCGATCTNNNNNCAAGTGTTCGAATCCCGACTGCCGTGGTTAG	P02_Ds2	CAAGCAGAAGACGGCATACGAGATCGGTCTCGGCATTCCTGCTGAACCGCTCTTCCGATCTNNNNNNAGGACATTCGCGTATGGTGCGAGTATCAGCG	T0_A_1	C	DN
P01_Ds1	AATGATACGGCGACCACCGAGATCTACACTCTTTCCCTACACGACGCTCTTCCGATCTNNNNNCAAGTGTTCGAATCCCGACTGCCGTGGTTAG	P03_Ds2	CAAGCAGAAGACGGCATACGAGATCGGTCTCGGCATTCCTGCTGAACCGCTCTTCCGATCTNNNNNNNCACTAATGGGCGTATGGTGCGAGTATCAGCG	alpha5_CTRL	C	DN
P01_Ds1	AATGATACGGCGACCACCGAGATCTACACTCTTTCCCTACACGACGCTCTTCCGATCTNNNNNCAAGTGTTCGAATCCCGACTGCCGTGGTTAG	P04_Ds2	CAAGCAGAAGACGGCATACGAGATCGGTCTCGGCATTCCTGCTGAACCGCTCTTCCGATCTNNNNNAGCCTGATGGCGTATGGTGCGAGTATCAGCG	alpha5_ITRAC	C	DN
P01_Ds1	AATGATACGGCGACCACCGAGATCTACACTCTTTCCCTACACGACGCTCTTCCGATCTNNNNNCAAGTGTTCGAATCCCGACTGCCGTGGTTAG	P05_Ds2	CAAGCAGAAGACGGCATACGAGATCGGTCTCGGCATTCCTGCTGAACCGCTCTTCCGATCTNNNNNNTTACGCTAAGCGTATGGTGCGAGTATCAGCG	alpha5_cycloh	C	DN
P01_Ds1	AATGATACGGCGACCACCGAGATCTACACTCTTTCCCTACACGACGCTCTTCCGATCTNNNNNCAAGTGTTCGAATCCCGACTGCCGTGGTTAG	P06_Ds2	CAAGCAGAAGACGGCATACGAGATCGGTCTCGGCATTCCTGCTGAACCGCTCTTCCGATCTNNNNNNNACTCTCCGTGCGTATGGTGCGAGTATCAGCG	alpha5_Tamox	C	DN
P01_Ds1	AATGATACGGCGACCACCGAGATCTACACTCTTTCCCTACACGACGCTCTTCCGATCTNNNNNCAAGTGTTCGAATCCCGACTGCCGTGGTTAG	P07_Ds2	CAAGCAGAAGACGGCATACGAGATCGGTCTCGGCATTCCTGCTGAACCGCTCTTCCGATCTNNNNNGTCGATGCAGCGTATGGTGCGAGTATCAGCG	alpha5_Fluc	C	DN
P01_Ds1	AATGATACGGCGACCACCGAGATCTACACTCTTTCCCTACACGACGCTCTTCCGATCTNNNNNCAAGTGTTCGAATCCCGACTGCCGTGGTTAG	P08_Ds2	CAAGCAGAAGACGGCATACGAGATCGGTCTCGGCATTCCTGCTGAACCGCTCTTCCGATCTNNNNNNACGGGAATTGCGTATGGTGCGAGTATCAGCG	alpha5_MTX	C	DN
P01_Ds1	AATGATACGGCGACCACCGAGATCTACACTCTTTCCCTACACGACGCTCTTCCGATCTNNNNNCAAGTGTTCGAATCCCGACTGCCGTGGTTAG	P09_Ds2	CAAGCAGAAGACGGCATACGAGATCGGTCTCGGCATTCCTGCTGAACCGCTCTTCCGATCTNNNNNNNCGCGCCCAGGCGTATGGTGCGAGTATCAGCG	alpha15_CTRL	C	DN
P01_Ds1	AATGATACGGCGACCACCGAGATCTACACTCTTTCCCTACACGACGCTCTTCCGATCTNNNNNCAAGTGTTCGAATCCCGACTGCCGTGGTTAG	P10_Ds2	CAAGCAGAAGACGGCATACGAGATCGGTCTCGGCATTCCTGCTGAACCGCTCTTCCGATCTNNNNNACTAGTTTGGCGTATGGTGCGAGTATCAGCG	alpha15_ITRAC	C	DN
P01_Ds1	AATGATACGGCGACCACCGAGATCTACACTCTTTCCCTACACGACGCTCTTCCGATCTNNNNNCAAGTGTTCGAATCCCGACTGCCGTGGTTAG	P11_Ds2	CAAGCAGAAGACGGCATACGAGATCGGTCTCGGCATTCCTGCTGAACCGCTCTTCCGATCTNNNNNNAGTATTACAGCGTATGGTGCGAGTATCAGCG	alpha15_cycloh	C	DN
P01_Ds1	AATGATACGGCGACCACCGAGATCTACACTCTTTCCCTACACGACGCTCTTCCGATCTNNNNNCAAGTGTTCGAATCCCGACTGCCGTGGTTAG	P12_Ds2	CAAGCAGAAGACGGCATACGAGATCGGTCTCGGCATTCCTGCTGAACCGCTCTTCCGATCTNNNNNNNAGGTTGGGTGCGTATGGTGCGAGTATCAGCG	alpha15_Tamox	C	DN
P02_Ds1	AATGATACGGCGACCACCGAGATCTACACTCTTTCCCTACACGACGCTCTTCCGATCTNNNNNNAGGACATTCGAATCCCGACTGCCGTGGTTAG	P01_Ds2	CAAGCAGAAGACGGCATACGAGATCGGTCTCGGCATTCCTGCTGAACCGCTCTTCCGATCTNNNNNCAAGTGTTCGCGTATGGTGCGAGTATCAGCG	alpha15_fluc	C	DN
P02_Ds1	AATGATACGGCGACCACCGAGATCTACACTCTTTCCCTACACGACGCTCTTCCGATCTNNNNNNAGGACATTCGAATCCCGACTGCCGTGGTTAG	P02_Ds2	CAAGCAGAAGACGGCATACGAGATCGGTCTCGGCATTCCTGCTGAACCGCTCTTCCGATCTNNNNNNAGGACATTCGCGTATGGTGCGAGTATCAGCG	alpha15_MTX	C	DN
P02_Ds1	AATGATACGGCGACCACCGAGATCTACACTCTTTCCCTACACGACGCTCTTCCGATCTNNNNNNAGGACATTCGAATCCCGACTGCCGTGGTTAG	P03_Ds2	CAAGCAGAAGACGGCATACGAGATCGGTCTCGGCATTCCTGCTGAACCGCTCTTCCGATCTNNNNNNNCACTAATGGGCGTATGGTGCGAGTATCAGCG	A5_CTRL	C	DN
P02_Ds1	AATGATACGGCGACCACCGAGATCTACACTCTTTCCCTACACGACGCTCTTCCGATCTNNNNNNAGGACATTCGAATCCCGACTGCCGTGGTTAG	P04_Ds2	CAAGCAGAAGACGGCATACGAGATCGGTCTCGGCATTCCTGCTGAACCGCTCTTCCGATCTNNNNNAGCCTGATGGCGTATGGTGCGAGTATCAGCG	A5_ITRAC	C	DN
P02_Ds1	AATGATACGGCGACCACCGAGATCTACACTCTTTCCCTACACGACGCTCTTCCGATCTNNNNNNAGGACATTCGAATCCCGACTGCCGTGGTTAG	P05_Ds2	CAAGCAGAAGACGGCATACGAGATCGGTCTCGGCATTCCTGCTGAACCGCTCTTCCGATCTNNNNNNTTACGCTAAGCGTATGGTGCGAGTATCAGCG	A5_cycloh	C	DN
P02_Ds1	AATGATACGGCGACCACCGAGATCTACACTCTTTCCCTACACGACGCTCTTCCGATCTNNNNNNAGGACATTCGAATCCCGACTGCCGTGGTTAG	P06_Ds2	CAAGCAGAAGACGGCATACGAGATCGGTCTCGGCATTCCTGCTGAACCGCTCTTCCGATCTNNNNNNNACTCTCCGTGCGTATGGTGCGAGTATCAGCG	A5_Tamox	C	DN
P02_Ds1	AATGATACGGCGACCACCGAGATCTACACTCTTTCCCTACACGACGCTCTTCCGATCTNNNNNNAGGACATTCGAATCCCGACTGCCGTGGTTAG	P07_Ds2	CAAGCAGAAGACGGCATACGAGATCGGTCTCGGCATTCCTGCTGAACCGCTCTTCCGATCTNNNNNGTCGATGCAGCGTATGGTGCGAGTATCAGCG	A5_fluc	C	DN
P02_Ds1	AATGATACGGCGACCACCGAGATCTACACTCTTTCCCTACACGACGCTCTTCCGATCTNNNNNNAGGACATTCGAATCCCGACTGCCGTGGTTAG	P08_Ds2	CAAGCAGAAGACGGCATACGAGATCGGTCTCGGCATTCCTGCTGAACCGCTCTTCCGATCTNNNNNNACGGGAATTGCGTATGGTGCGAGTATCAGCG	A5_MTX	C	DN
P02_Ds1	AATGATACGGCGACCACCGAGATCTACACTCTTTCCCTACACGACGCTCTTCCGATCTNNNNNNAGGACATTCGAATCCCGACTGCCGTGGTTAG	P09_Ds2	CAAGCAGAAGACGGCATACGAGATCGGTCTCGGCATTCCTGCTGAACCGCTCTTCCGATCTNNNNNNNCGCGCCCAGGCGTATGGTGCGAGTATCAGCG	A15_CTRL	C	DN
P02_Ds1	AATGATACGGCGACCACCGAGATCTACACTCTTTCCCTACACGACGCTCTTCCGATCTNNNNNNAGGACATTCGAATCCCGACTGCCGTGGTTAG	P10_Ds2	CAAGCAGAAGACGGCATACGAGATCGGTCTCGGCATTCCTGCTGAACCGCTCTTCCGATCTNNNNNACTAGTTTGGCGTATGGTGCGAGTATCAGCG	A15_ITRAC	C	DN
P02_Ds1	AATGATACGGCGACCACCGAGATCTACACTCTTTCCCTACACGACGCTCTTCCGATCTNNNNNNAGGACATTCGAATCCCGACTGCCGTGGTTAG	P11_Ds2	CAAGCAGAAGACGGCATACGAGATCGGTCTCGGCATTCCTGCTGAACCGCTCTTCCGATCTNNNNNNAGTATTACAGCGTATGGTGCGAGTATCAGCG	A15_cycloh	C	DN
P02_Ds1	AATGATACGGCGACCACCGAGATCTACACTCTTTCCCTACACGACGCTCTTCCGATCTNNNNNNAGGACATTCGAATCCCGACTGCCGTGGTTAG	P12_Ds2	CAAGCAGAAGACGGCATACGAGATCGGTCTCGGCATTCCTGCTGAACCGCTCTTCCGATCTNNNNNNNAGGTTGGGTGCGTATGGTGCGAGTATCAGCG	A15_Tamox	C	DN
P03_Ds1	AATGATACGGCGACCACCGAGATCTACACTCTTTCCCTACACGACGCTCTTCCGATCTNNNNNNNCACTAATGGGAATCCCGACTGCCGTGGTTAG	P01_Ds2	CAAGCAGAAGACGGCATACGAGATCGGTCTCGGCATTCCTGCTGAACCGCTCTTCCGATCTNNNNNCAAGTGTTCGCGTATGGTGCGAGTATCAGCG	A15_fluc	C	DN
P03_Ds1	AATGATACGGCGACCACCGAGATCTACACTCTTTCCCTACACGACGCTCTTCCGATCTNNNNNNNCACTAATGGGAATCCCGACTGCCGTGGTTAG	P02_Ds2	CAAGCAGAAGACGGCATACGAGATCGGTCTCGGCATTCCTGCTGAACCGCTCTTCCGATCTNNNNNNAGGACATTCGCGTATGGTGCGAGTATCAGCG	A15_MTX	C	DN
P03_Ds1	AATGATACGGCGACCACCGAGATCTACACTCTTTCCCTACACGACGCTCTTCCGATCTNNNNNNNCACTAATGGGAATCCCGACTGCCGTGGTTAG	P03_Ds2	CAAGCAGAAGACGGCATACGAGATCGGTCTCGGCATTCCTGCTGAACCGCTCTTCCGATCTNNNNNNNCACTAATGGGCGTATGGTGCGAGTATCAGCG	alpha5_CTRL2	C	DN
P03_Ds1	AATGATACGGCGACCACCGAGATCTACACTCTTTCCCTACACGACGCTCTTCCGATCTNNNNNNNCACTAATGGGAATCCCGACTGCCGTGGTTAG	P04_Ds2	CAAGCAGAAGACGGCATACGAGATCGGTCTCGGCATTCCTGCTGAACCGCTCTTCCGATCTNNNNNAGCCTGATGGCGTATGGTGCGAGTATCAGCG	alpha5_beauv	C	DN
P03_Ds1	AATGATACGGCGACCACCGAGATCTACACTCTTTCCCTACACGACGCTCTTCCGATCTNNNNNNNCACTAATGGGAATCCCGACTGCCGTGGTTAG	P05_Ds2	CAAGCAGAAGACGGCATACGAGATCGGTCTCGGCATTCCTGCTGAACCGCTCTTCCGATCTNNNNNNTTACGCTAAGCGTATGGTGCGAGTATCAGCG	alpha5_cispl	C	DN
P03_Ds1	AATGATACGGCGACCACCGAGATCTACACTCTTTCCCTACACGACGCTCTTCCGATCTNNNNNNNCACTAATGGGAATCCCGACTGCCGTGGTTAG	P06_Ds2	CAAGCAGAAGACGGCATACGAGATCGGTCTCGGCATTCCTGCTGAACCGCTCTTCCGATCTNNNNNNNACTCTCCGTGCGTATGGTGCGAGTATCAGCG	alpha5_camptoth	C	DN
P03_Ds1	AATGATACGGCGACCACCGAGATCTACACTCTTTCCCTACACGACGCTCTTCCGATCTNNNNNNNCACTAATGGGAATCCCGACTGCCGTGGTTAG	P07_Ds2	CAAGCAGAAGACGGCATACGAGATCGGTCTCGGCATTCCTGCTGAACCGCTCTTCCGATCTNNNNNGTCGATGCAGCGTATGGTGCGAGTATCAGCG	alpha5_ketoc	C	DN
P03_Ds1	AATGATACGGCGACCACCGAGATCTACACTCTTTCCCTACACGACGCTCTTCCGATCTNNNNNNNCACTAATGGGAATCCCGACTGCCGTGGTTAG	P08_Ds2	CAAGCAGAAGACGGCATACGAGATCGGTCTCGGCATTCCTGCTGAACCGCTCTTCCGATCTNNNNNNACGGGAATTGCGTATGGTGCGAGTATCAGCG	alpha5_bisantr	C	DN
P03_Ds1	AATGATACGGCGACCACCGAGATCTACACTCTTTCCCTACACGACGCTCTTCCGATCTNNNNNNNCACTAATGGGAATCCCGACTGCCGTGGTTAG	P09_Ds2	CAAGCAGAAGACGGCATACGAGATCGGTCTCGGCATTCCTGCTGAACCGCTCTTCCGATCTNNNNNNNCGCGCCCAGGCGTATGGTGCGAGTATCAGCG	alpha15_CTRL2	C	DN
P03_Ds1	AATGATACGGCGACCACCGAGATCTACACTCTTTCCCTACACGACGCTCTTCCGATCTNNNNNNNCACTAATGGGAATCCCGACTGCCGTGGTTAG	P10_Ds2	CAAGCAGAAGACGGCATACGAGATCGGTCTCGGCATTCCTGCTGAACCGCTCTTCCGATCTNNNNNACTAGTTTGGCGTATGGTGCGAGTATCAGCG	alpha15_beauv	C	DN
P03_Ds1	AATGATACGGCGACCACCGAGATCTACACTCTTTCCCTACACGACGCTCTTCCGATCTNNNNNNNCACTAATGGGAATCCCGACTGCCGTGGTTAG	P11_Ds2	CAAGCAGAAGACGGCATACGAGATCGGTCTCGGCATTCCTGCTGAACCGCTCTTCCGATCTNNNNNNAGTATTACAGCGTATGGTGCGAGTATCAGCG	alpha15_cispl	C	DN
P03_Ds1	AATGATACGGCGACCACCGAGATCTACACTCTTTCCCTACACGACGCTCTTCCGATCTNNNNNNNCACTAATGGGAATCCCGACTGCCGTGGTTAG	P12_Ds2	CAAGCAGAAGACGGCATACGAGATCGGTCTCGGCATTCCTGCTGAACCGCTCTTCCGATCTNNNNNNNAGGTTGGGTGCGTATGGTGCGAGTATCAGCG	alpha15_camptoth	C	DN
P04_Ds1	AATGATACGGCGACCACCGAGATCTACACTCTTTCCCTACACGACGCTCTTCCGATCTNNNNNAGCCTGATGGAATCCCGACTGCCGTGGTTAG	P01_Ds2	CAAGCAGAAGACGGCATACGAGATCGGTCTCGGCATTCCTGCTGAACCGCTCTTCCGATCTNNNNNCAAGTGTTCGCGTATGGTGCGAGTATCAGCG	alpha15_ketoc	C	DN
P04_Ds1	AATGATACGGCGACCACCGAGATCTACACTCTTTCCCTACACGACGCTCTTCCGATCTNNNNNAGCCTGATGGAATCCCGACTGCCGTGGTTAG	P02_Ds2	CAAGCAGAAGACGGCATACGAGATCGGTCTCGGCATTCCTGCTGAACCGCTCTTCCGATCTNNNNNNAGGACATTCGCGTATGGTGCGAGTATCAGCG	alpha15_bisantr	C	DN
P04_Ds1	AATGATACGGCGACCACCGAGATCTACACTCTTTCCCTACACGACGCTCTTCCGATCTNNNNNAGCCTGATGGAATCCCGACTGCCGTGGTTAG	P03_Ds2	CAAGCAGAAGACGGCATACGAGATCGGTCTCGGCATTCCTGCTGAACCGCTCTTCCGATCTNNNNNNNCACTAATGGGCGTATGGTGCGAGTATCAGCG	A5_CTRL2	C	DN
P04_Ds1	AATGATACGGCGACCACCGAGATCTACACTCTTTCCCTACACGACGCTCTTCCGATCTNNNNNAGCCTGATGGAATCCCGACTGCCGTGGTTAG	P04_Ds2	CAAGCAGAAGACGGCATACGAGATCGGTCTCGGCATTCCTGCTGAACCGCTCTTCCGATCTNNNNNAGCCTGATGGCGTATGGTGCGAGTATCAGCG	A5_beauv	C	DN
P04_Ds1	AATGATACGGCGACCACCGAGATCTACACTCTTTCCCTACACGACGCTCTTCCGATCTNNNNNAGCCTGATGGAATCCCGACTGCCGTGGTTAG	P05_Ds2	CAAGCAGAAGACGGCATACGAGATCGGTCTCGGCATTCCTGCTGAACCGCTCTTCCGATCTNNNNNNTTACGCTAAGCGTATGGTGCGAGTATCAGCG	A5_cispl	C	DN
P04_Ds1	AATGATACGGCGACCACCGAGATCTACACTCTTTCCCTACACGACGCTCTTCCGATCTNNNNNAGCCTGATGGAATCCCGACTGCCGTGGTTAG	P06_Ds2	CAAGCAGAAGACGGCATACGAGATCGGTCTCGGCATTCCTGCTGAACCGCTCTTCCGATCTNNNNNNNACTCTCCGTGCGTATGGTGCGAGTATCAGCG	A5_camptoth	C	DN
P04_Ds1	AATGATACGGCGACCACCGAGATCTACACTCTTTCCCTACACGACGCTCTTCCGATCTNNNNNAGCCTGATGGAATCCCGACTGCCGTGGTTAG	P07_Ds2	CAAGCAGAAGACGGCATACGAGATCGGTCTCGGCATTCCTGCTGAACCGCTCTTCCGATCTNNNNNGTCGATGCAGCGTATGGTGCGAGTATCAGCG	A5_ketoc	C	DN
P04_Ds1	AATGATACGGCGACCACCGAGATCTACACTCTTTCCCTACACGACGCTCTTCCGATCTNNNNNAGCCTGATGGAATCCCGACTGCCGTGGTTAG	P08_Ds2	CAAGCAGAAGACGGCATACGAGATCGGTCTCGGCATTCCTGCTGAACCGCTCTTCCGATCTNNNNNNACGGGAATTGCGTATGGTGCGAGTATCAGCG	A5_bisantr	C	DN
P04_Ds1	AATGATACGGCGACCACCGAGATCTACACTCTTTCCCTACACGACGCTCTTCCGATCTNNNNNAGCCTGATGGAATCCCGACTGCCGTGGTTAG	P09_Ds2	CAAGCAGAAGACGGCATACGAGATCGGTCTCGGCATTCCTGCTGAACCGCTCTTCCGATCTNNNNNNNCGCGCCCAGGCGTATGGTGCGAGTATCAGCG	A15_CTRL2	C	DN
P04_Ds1	AATGATACGGCGACCACCGAGATCTACACTCTTTCCCTACACGACGCTCTTCCGATCTNNNNNAGCCTGATGGAATCCCGACTGCCGTGGTTAG	P10_Ds2	CAAGCAGAAGACGGCATACGAGATCGGTCTCGGCATTCCTGCTGAACCGCTCTTCCGATCTNNNNNACTAGTTTGGCGTATGGTGCGAGTATCAGCG	A15_beauv	C	DN
P04_Ds1	AATGATACGGCGACCACCGAGATCTACACTCTTTCCCTACACGACGCTCTTCCGATCTNNNNNAGCCTGATGGAATCCCGACTGCCGTGGTTAG	P11_Ds2	CAAGCAGAAGACGGCATACGAGATCGGTCTCGGCATTCCTGCTGAACCGCTCTTCCGATCTNNNNNNAGTATTACAGCGTATGGTGCGAGTATCAGCG	A15_cispl	C	DN
P04_Ds1	AATGATACGGCGACCACCGAGATCTACACTCTTTCCCTACACGACGCTCTTCCGATCTNNNNNAGCCTGATGGAATCCCGACTGCCGTGGTTAG	P12_Ds2	CAAGCAGAAGACGGCATACGAGATCGGTCTCGGCATTCCTGCTGAACCGCTCTTCCGATCTNNNNNNNAGGTTGGGTGCGTATGGTGCGAGTATCAGCG	A15_camptoth	C	DN
P05_Ds1	AATGATACGGCGACCACCGAGATCTACACTCTTTCCCTACACGACGCTCTTCCGATCTNNNNNNTTACGCTAAGAATCCCGACTGCCGTGGTTAG	P01_Ds2	CAAGCAGAAGACGGCATACGAGATCGGTCTCGGCATTCCTGCTGAACCGCTCTTCCGATCTNNNNNCAAGTGTTCGCGTATGGTGCGAGTATCAGCG	A15_ketoc	C	DN
P05_Ds1	AATGATACGGCGACCACCGAGATCTACACTCTTTCCCTACACGACGCTCTTCCGATCTNNNNNNTTACGCTAAGAATCCCGACTGCCGTGGTTAG	P02_Ds2	CAAGCAGAAGACGGCATACGAGATCGGTCTCGGCATTCCTGCTGAACCGCTCTTCCGATCTNNNNNNAGGACATTCGCGTATGGTGCGAGTATCAGCG	A15_bisantr	C	DN
P05_Ds1	AATGATACGGCGACCACCGAGATCTACACTCTTTCCCTACACGACGCTCTTCCGATCTNNNNNNTTACGCTAAGAATCCCGACTGCCGTGGTTAG	P03_Ds2	CAAGCAGAAGACGGCATACGAGATCGGTCTCGGCATTCCTGCTGAACCGCTCTTCCGATCTNNNNNNNCACTAATGGGCGTATGGTGCGAGTATCAGCG	alpha5_CTRL3	C	DN
P05_Ds1	AATGATACGGCGACCACCGAGATCTACACTCTTTCCCTACACGACGCTCTTCCGATCTNNNNNNTTACGCTAAGAATCCCGACTGCCGTGGTTAG	P04_Ds2	CAAGCAGAAGACGGCATACGAGATCGGTCTCGGCATTCCTGCTGAACCGCTCTTCCGATCTNNNNNAGCCTGATGGCGTATGGTGCGAGTATCAGCG	alpha5_colch	C	DN
P05_Ds1	AATGATACGGCGACCACCGAGATCTACACTCTTTCCCTACACGACGCTCTTCCGATCTNNNNNNTTACGCTAAGAATCCCGACTGCCGTGGTTAG	P05_Ds2	CAAGCAGAAGACGGCATACGAGATCGGTCTCGGCATTCCTGCTGAACCGCTCTTCCGATCTNNNNNNTTACGCTAAGCGTATGGTGCGAGTATCAGCG	alpha5_imat	C	DN
P05_Ds1	AATGATACGGCGACCACCGAGATCTACACTCTTTCCCTACACGACGCTCTTCCGATCTNNNNNNTTACGCTAAGAATCCCGACTGCCGTGGTTAG	P06_Ds2	CAAGCAGAAGACGGCATACGAGATCGGTCTCGGCATTCCTGCTGAACCGCTCTTCCGATCTNNNNNNNACTCTCCGTGCGTATGGTGCGAGTATCAGCG	alpha5_mitox	C	DN
P05_Ds1	AATGATACGGCGACCACCGAGATCTACACTCTTTCCCTACACGACGCTCTTCCGATCTNNNNNNTTACGCTAAGAATCCCGACTGCCGTGGTTAG	P07_Ds2	CAAGCAGAAGACGGCATACGAGATCGGTCTCGGCATTCCTGCTGAACCGCTCTTCCGATCTNNNNNGTCGATGCAGCGTATGGTGCGAGTATCAGCG	alpha5_micon	C	DN
P05_Ds1	AATGATACGGCGACCACCGAGATCTACACTCTTTCCCTACACGACGCTCTTCCGATCTNNNNNNTTACGCTAAGAATCCCGACTGCCGTGGTTAG	P08_Ds2	CAAGCAGAAGACGGCATACGAGATCGGTCTCGGCATTCCTGCTGAACCGCTCTTCCGATCTNNNNNNACGGGAATTGCGTATGGTGCGAGTATCAGCG	alpha5_valin	C	DN
P05_Ds1	AATGATACGGCGACCACCGAGATCTACACTCTTTCCCTACACGACGCTCTTCCGATCTNNNNNNTTACGCTAAGAATCCCGACTGCCGTGGTTAG	P09_Ds2	CAAGCAGAAGACGGCATACGAGATCGGTCTCGGCATTCCTGCTGAACCGCTCTTCCGATCTNNNNNNNCGCGCCCAGGCGTATGGTGCGAGTATCAGCG	alpha5_benom	C	DN
P05_Ds1	AATGATACGGCGACCACCGAGATCTACACTCTTTCCCTACACGACGCTCTTCCGATCTNNNNNNTTACGCTAAGAATCCCGACTGCCGTGGTTAG	P10_Ds2	CAAGCAGAAGACGGCATACGAGATCGGTCTCGGCATTCCTGCTGAACCGCTCTTCCGATCTNNNNNACTAGTTTGGCGTATGGTGCGAGTATCAGCG	alpha15_CTRL3	C	DN
P05_Ds1	AATGATACGGCGACCACCGAGATCTACACTCTTTCCCTACACGACGCTCTTCCGATCTNNNNNNTTACGCTAAGAATCCCGACTGCCGTGGTTAG	P11_Ds2	CAAGCAGAAGACGGCATACGAGATCGGTCTCGGCATTCCTGCTGAACCGCTCTTCCGATCTNNNNNNAGTATTACAGCGTATGGTGCGAGTATCAGCG	alpha15_colch	C	DN
P05_Ds1	AATGATACGGCGACCACCGAGATCTACACTCTTTCCCTACACGACGCTCTTCCGATCTNNNNNNTTACGCTAAGAATCCCGACTGCCGTGGTTAG	P12_Ds2	CAAGCAGAAGACGGCATACGAGATCGGTCTCGGCATTCCTGCTGAACCGCTCTTCCGATCTNNNNNNNAGGTTGGGTGCGTATGGTGCGAGTATCAGCG	alpha15_imat	C	DN
P06_Ds1	AATGATACGGCGACCACCGAGATCTACACTCTTTCCCTACACGACGCTCTTCCGATCTNNNNNNNACTCTCCGTGAATCCCGACTGCCGTGGTTAG	P01_Ds2	CAAGCAGAAGACGGCATACGAGATCGGTCTCGGCATTCCTGCTGAACCGCTCTTCCGATCTNNNNNCAAGTGTTCGCGTATGGTGCGAGTATCAGCG	alpha15_mitox	C	DN
P06_Ds1	AATGATACGGCGACCACCGAGATCTACACTCTTTCCCTACACGACGCTCTTCCGATCTNNNNNNNACTCTCCGTGAATCCCGACTGCCGTGGTTAG	P02_Ds2	CAAGCAGAAGACGGCATACGAGATCGGTCTCGGCATTCCTGCTGAACCGCTCTTCCGATCTNNNNNNAGGACATTCGCGTATGGTGCGAGTATCAGCG	alpha15_micon	C	DN
P06_Ds1	AATGATACGGCGACCACCGAGATCTACACTCTTTCCCTACACGACGCTCTTCCGATCTNNNNNNNACTCTCCGTGAATCCCGACTGCCGTGGTTAG	P03_Ds2	CAAGCAGAAGACGGCATACGAGATCGGTCTCGGCATTCCTGCTGAACCGCTCTTCCGATCTNNNNNNNCACTAATGGGCGTATGGTGCGAGTATCAGCG	alpha15_valin	C	DN
P06_Ds1	AATGATACGGCGACCACCGAGATCTACACTCTTTCCCTACACGACGCTCTTCCGATCTNNNNNNNACTCTCCGTGAATCCCGACTGCCGTGGTTAG	P04_Ds2	CAAGCAGAAGACGGCATACGAGATCGGTCTCGGCATTCCTGCTGAACCGCTCTTCCGATCTNNNNNAGCCTGATGGCGTATGGTGCGAGTATCAGCG	alpha15_benom	C	DN
P06_Ds1	AATGATACGGCGACCACCGAGATCTACACTCTTTCCCTACACGACGCTCTTCCGATCTNNNNNNNACTCTCCGTGAATCCCGACTGCCGTGGTTAG	P05_Ds2	CAAGCAGAAGACGGCATACGAGATCGGTCTCGGCATTCCTGCTGAACCGCTCTTCCGATCTNNNNNNTTACGCTAAGCGTATGGTGCGAGTATCAGCG	A5_CTRL3	C	DN
P06_Ds1	AATGATACGGCGACCACCGAGATCTACACTCTTTCCCTACACGACGCTCTTCCGATCTNNNNNNNACTCTCCGTGAATCCCGACTGCCGTGGTTAG	P06_Ds2	CAAGCAGAAGACGGCATACGAGATCGGTCTCGGCATTCCTGCTGAACCGCTCTTCCGATCTNNNNNNNACTCTCCGTGCGTATGGTGCGAGTATCAGCG	A5_colch	C	DN
P06_Ds1	AATGATACGGCGACCACCGAGATCTACACTCTTTCCCTACACGACGCTCTTCCGATCTNNNNNNNACTCTCCGTGAATCCCGACTGCCGTGGTTAG	P07_Ds2	CAAGCAGAAGACGGCATACGAGATCGGTCTCGGCATTCCTGCTGAACCGCTCTTCCGATCTNNNNNGTCGATGCAGCGTATGGTGCGAGTATCAGCG	A5_imat	C	DN
P06_Ds1	AATGATACGGCGACCACCGAGATCTACACTCTTTCCCTACACGACGCTCTTCCGATCTNNNNNNNACTCTCCGTGAATCCCGACTGCCGTGGTTAG	P08_Ds2	CAAGCAGAAGACGGCATACGAGATCGGTCTCGGCATTCCTGCTGAACCGCTCTTCCGATCTNNNNNNACGGGAATTGCGTATGGTGCGAGTATCAGCG	A5_mitox	C	DN
P06_Ds1	AATGATACGGCGACCACCGAGATCTACACTCTTTCCCTACACGACGCTCTTCCGATCTNNNNNNNACTCTCCGTGAATCCCGACTGCCGTGGTTAG	P09_Ds2	CAAGCAGAAGACGGCATACGAGATCGGTCTCGGCATTCCTGCTGAACCGCTCTTCCGATCTNNNNNNNCGCGCCCAGGCGTATGGTGCGAGTATCAGCG	A5_micon	C	DN
P06_Ds1	AATGATACGGCGACCACCGAGATCTACACTCTTTCCCTACACGACGCTCTTCCGATCTNNNNNNNACTCTCCGTGAATCCCGACTGCCGTGGTTAG	P10_Ds2	CAAGCAGAAGACGGCATACGAGATCGGTCTCGGCATTCCTGCTGAACCGCTCTTCCGATCTNNNNNACTAGTTTGGCGTATGGTGCGAGTATCAGCG	A5_valin	C	DN
P06_Ds1	AATGATACGGCGACCACCGAGATCTACACTCTTTCCCTACACGACGCTCTTCCGATCTNNNNNNNACTCTCCGTGAATCCCGACTGCCGTGGTTAG	P11_Ds2	CAAGCAGAAGACGGCATACGAGATCGGTCTCGGCATTCCTGCTGAACCGCTCTTCCGATCTNNNNNNAGTATTACAGCGTATGGTGCGAGTATCAGCG	A5_benom	C	DN
P06_Ds1	AATGATACGGCGACCACCGAGATCTACACTCTTTCCCTACACGACGCTCTTCCGATCTNNNNNNNACTCTCCGTGAATCCCGACTGCCGTGGTTAG	P12_Ds2	CAAGCAGAAGACGGCATACGAGATCGGTCTCGGCATTCCTGCTGAACCGCTCTTCCGATCTNNNNNNNAGGTTGGGTGCGTATGGTGCGAGTATCAGCG	A15_CTRL3	C	DN
P07_Ds1	AATGATACGGCGACCACCGAGATCTACACTCTTTCCCTACACGACGCTCTTCCGATCTNNNNNGTCGATGCAGAATCCCGACTGCCGTGGTTAG	P07_Ds2	CAAGCAGAAGACGGCATACGAGATCGGTCTCGGCATTCCTGCTGAACCGCTCTTCCGATCTNNNNNGTCGATGCAGCGTATGGTGCGAGTATCAGCG	A15_colch	C	DN
P07_Ds1	AATGATACGGCGACCACCGAGATCTACACTCTTTCCCTACACGACGCTCTTCCGATCTNNNNNGTCGATGCAGAATCCCGACTGCCGTGGTTAG	P08_Ds2	CAAGCAGAAGACGGCATACGAGATCGGTCTCGGCATTCCTGCTGAACCGCTCTTCCGATCTNNNNNNACGGGAATTGCGTATGGTGCGAGTATCAGCG	A15_imat	C	DN
P07_Ds1	AATGATACGGCGACCACCGAGATCTACACTCTTTCCCTACACGACGCTCTTCCGATCTNNNNNGTCGATGCAGAATCCCGACTGCCGTGGTTAG	P09_Ds2	CAAGCAGAAGACGGCATACGAGATCGGTCTCGGCATTCCTGCTGAACCGCTCTTCCGATCTNNNNNNNCGCGCCCAGGCGTATGGTGCGAGTATCAGCG	A15_mitox	C	DN
P07_Ds1	AATGATACGGCGACCACCGAGATCTACACTCTTTCCCTACACGACGCTCTTCCGATCTNNNNNGTCGATGCAGAATCCCGACTGCCGTGGTTAG	P10_Ds2	CAAGCAGAAGACGGCATACGAGATCGGTCTCGGCATTCCTGCTGAACCGCTCTTCCGATCTNNNNNACTAGTTTGGCGTATGGTGCGAGTATCAGCG	A15_micon	C	DN
P07_Ds1	AATGATACGGCGACCACCGAGATCTACACTCTTTCCCTACACGACGCTCTTCCGATCTNNNNNGTCGATGCAGAATCCCGACTGCCGTGGTTAG	P11_Ds2	CAAGCAGAAGACGGCATACGAGATCGGTCTCGGCATTCCTGCTGAACCGCTCTTCCGATCTNNNNNNAGTATTACAGCGTATGGTGCGAGTATCAGCG	A15_valin	C	DN
P07_Ds1	AATGATACGGCGACCACCGAGATCTACACTCTTTCCCTACACGACGCTCTTCCGATCTNNNNNGTCGATGCAGAATCCCGACTGCCGTGGTTAG	P12_Ds2	CAAGCAGAAGACGGCATACGAGATCGGTCTCGGCATTCCTGCTGAACCGCTCTTCCGATCTNNNNNNNAGGTTGGGTGCGTATGGTGCGAGTATCAGCG	A15_benom	C	DN